[
  {
    "city": "Tokyo",
    "lat": 35.6897,
    "lng": 139.6922,
    "country": "Japan",
    "iso2": "JP",
    "admin_name": "Tokyo",
    "capital": "primary",
    "population": 37977000,
    "population_proper": 13515271
  },
  {
    "city": "Osaka",
    "lat": 34.75,
    "lng": 135.4601,
    "country": "Japan",
    "iso2": "JP",
    "admin_name": "Osaka",
    "capital": "admin",
    "population": 14977000,
    "population_proper": 2725006
  },
  {
    "city": "Nagoya",
    "lat": 35.1167,
    "lng": 136.9333,
    "country": "Japan",
    "iso2": "JP",
    "admin_name": "Aichi",
    "capital": "admin",
    "population": 9113000,
    "population_proper": 2320361
  },
  {
    "city": "Yokohama",
    "lat": 35.4333,
    "lng": 139.6333,
    "country": "Japan",
    "iso2": "JP",
    "admin_name": "Kanagawa",
    "capital": "admin",
    "population": 3757630,
    "population_proper": 3757630
  },
  {
    "city": "Fukuoka",
    "lat": 33.6,
    "lng": 130.4167,
    "country": "Japan",
    "iso2": "JP",
    "admin_name": "Fukuoka",
    "capital": "admin",
    "population": 2128000,
    "population_proper": 1588924
  },
  {
    "city": "Sapporo",
    "lat": 43.0621,
    "lng": 141.3544,
    "country": "Japan",
    "iso2": "JP",
    "admin_name": "Hokkaido",
    "capital": "admin",
    "population": 1961690,
    "population_proper": 1961690
  },
  {
    "city": "Kyoto",
    "lat": 35.0111,
    "lng": 135.7669,
    "country": "Japan",
    "iso2": "JP",
    "admin_name": "Kyoto",
    "capital": "admin",
    "population": 1805000,
    "population_proper": 1459640
  },
  {
    "city": "Kobe",
    "lat": 34.6913,
    "lng": 135.183,
    "country": "Japan",
    "iso2": "JP",
    "admin_name": "Hyogo",
    "capital": "admin",
    "population": 1513193,
    "population_proper": 1513193
  },
  {
    "city": "Kawanakajima",
    "lat": 35.53,
    "lng": 139.705,
    "country": "Japan",
    "iso2": "JP",
    "admin_name": "Kanagawa",
    "capital": "",
    "population": 1437266,
    "population_proper": 1306785
  },
  {
    "city": "Saitama",
    "lat": 35.8617,
    "lng": 139.6453,
    "country": "Japan",
    "iso2": "JP",
    "admin_name": "Saitama",
    "capital": "admin",
    "population": 1320571,
    "population_proper": 1320571
  },
  {
    "city": "Hiroshima",
    "lat": 34.4,
    "lng": 132.45,
    "country": "Japan",
    "iso2": "JP",
    "admin_name": "Hiroshima",
    "capital": "admin",
    "population": 1306589,
    "population_proper": 1306589
  },
  {
    "city": "Sendai",
    "lat": 38.2683,
    "lng": 140.8694,
    "country": "Japan",
    "iso2": "JP",
    "admin_name": "Miyagi",
    "capital": "admin",
    "population": 1058070,
    "population_proper": 1058070
  },
  {
    "city": "Kitaku",
    "lat": 33.8704,
    "lng": 130.82,
    "country": "Japan",
    "iso2": "JP",
    "admin_name": "Fukuoka",
    "capital": "",
    "population": 997536,
    "population_proper": 983037
  },
  {
    "city": "Chiba",
    "lat": 35.6,
    "lng": 140.1,
    "country": "Japan",
    "iso2": "JP",
    "admin_name": "Chiba",
    "capital": "admin",
    "population": 981738,
    "population_proper": 981738
  },
  {
    "city": "Niigata",
    "lat": 37.9161,
    "lng": 139.0364,
    "country": "Japan",
    "iso2": "JP",
    "admin_name": "Niigata",
    "capital": "admin",
    "population": 790646,
    "population_proper": 790646
  },
  {
    "city": "Hamamatsu",
    "lat": 34.7167,
    "lng": 137.7333,
    "country": "Japan",
    "iso2": "JP",
    "admin_name": "Shizuoka",
    "capital": "",
    "population": 788211,
    "population_proper": 788211
  },
  {
    "city": "Kumamoto",
    "lat": 32.8031,
    "lng": 130.7078,
    "country": "Japan",
    "iso2": "JP",
    "admin_name": "Kumamoto",
    "capital": "admin",
    "population": 738567,
    "population_proper": 738567
  },
  {
    "city": "Sagamihara",
    "lat": 35.5667,
    "lng": 139.3667,
    "country": "Japan",
    "iso2": "JP",
    "admin_name": "Kanagawa",
    "capital": "",
    "population": 722973,
    "population_proper": 722973
  },
  {
    "city": "Okayama",
    "lat": 34.65,
    "lng": 133.9167,
    "country": "Japan",
    "iso2": "JP",
    "admin_name": "Okayama",
    "capital": "admin",
    "population": 720043,
    "population_proper": 720043
  },
  {
    "city": "Edogawa",
    "lat": 35.6924,
    "lng": 139.8757,
    "country": "Japan",
    "iso2": "JP",
    "admin_name": "Tokyo",
    "capital": "",
    "population": 690457,
    "population_proper": 690457
  },
  {
    "city": "Shizuoka",
    "lat": 34.9756,
    "lng": 138.3825,
    "country": "Japan",
    "iso2": "JP",
    "admin_name": "Shizuoka",
    "capital": "admin",
    "population": 685589,
    "population_proper": 685589
  },
  {
    "city": "Adachi",
    "lat": 35.7833,
    "lng": 139.8,
    "country": "Japan",
    "iso2": "JP",
    "admin_name": "Tokyo",
    "capital": "",
    "population": 682326,
    "population_proper": 682326
  },
  {
    "city": "Kagoshima",
    "lat": 31.58,
    "lng": 130.5281,
    "country": "Japan",
    "iso2": "JP",
    "admin_name": "Kagoshima",
    "capital": "admin",
    "population": 594258,
    "population_proper": 594258
  },
  {
    "city": "Hachioji",
    "lat": 35.6667,
    "lng": 139.3167,
    "country": "Japan",
    "iso2": "JP",
    "admin_name": "Tokyo",
    "capital": "",
    "population": 575721,
    "population_proper": 575721
  },
  {
    "city": "Utsunomiya",
    "lat": 36.55,
    "lng": 139.8833,
    "country": "Japan",
    "iso2": "JP",
    "admin_name": "Tochigi",
    "capital": "admin",
    "population": 518197,
    "population_proper": 518197
  },
  {
    "city": "Matsuyama",
    "lat": 33.8333,
    "lng": 132.7667,
    "country": "Japan",
    "iso2": "JP",
    "admin_name": "Ehime",
    "capital": "admin",
    "population": 506743,
    "population_proper": 506743
  },
  {
    "city": "Matsudo",
    "lat": 35.7878,
    "lng": 139.9031,
    "country": "Japan",
    "iso2": "JP",
    "admin_name": "Chiba",
    "capital": "",
    "population": 492367,
    "population_proper": 492367
  },
  {
    "city": "Higashi-osaka",
    "lat": 34.6794,
    "lng": 135.6008,
    "country": "Japan",
    "iso2": "JP",
    "admin_name": "Osaka",
    "capital": "",
    "population": 490819,
    "population_proper": 490819
  },
  {
    "city": "Nishinomiya-hama",
    "lat": 34.7333,
    "lng": 135.3333,
    "country": "Japan",
    "iso2": "JP",
    "admin_name": "Hyogo",
    "capital": "",
    "population": 487010,
    "population_proper": 487010
  },
  {
    "city": "Oita",
    "lat": 33.2333,
    "lng": 131.6067,
    "country": "Japan",
    "iso2": "JP",
    "admin_name": "Oita",
    "capital": "admin",
    "population": 477186,
    "population_proper": 477186
  },
  {
    "city": "Kanazawa",
    "lat": 36.6,
    "lng": 136.6167,
    "country": "Japan",
    "iso2": "JP",
    "admin_name": "Ishikawa",
    "capital": "admin",
    "population": 462479,
    "population_proper": 462479
  },
  {
    "city": "Fukuyama",
    "lat": 34.4858,
    "lng": 133.3625,
    "country": "Japan",
    "iso2": "JP",
    "admin_name": "Hiroshima",
    "capital": "",
    "population": 459576,
    "population_proper": 459576
  },
  {
    "city": "Machida",
    "lat": 35.5486,
    "lng": 139.4467,
    "country": "Japan",
    "iso2": "JP",
    "admin_name": "Tokyo",
    "capital": "",
    "population": 434414,
    "population_proper": 434414
  },
  {
    "city": "Toyota",
    "lat": 35.0833,
    "lng": 137.1567,
    "country": "Japan",
    "iso2": "JP",
    "admin_name": "Aichi",
    "capital": "",
    "population": 422106,
    "population_proper": 422106
  },
  {
    "city": "Takamatsu",
    "lat": 34.35,
    "lng": 134.05,
    "country": "Japan",
    "iso2": "JP",
    "admin_name": "Kagawa",
    "capital": "admin",
    "population": 417814,
    "population_proper": 417814
  },
  {
    "city": "Toyama",
    "lat": 36.7,
    "lng": 137.22,
    "country": "Japan",
    "iso2": "JP",
    "admin_name": "Toyama",
    "capital": "admin",
    "population": 413028,
    "population_proper": 413028
  },
  {
    "city": "Nagasaki",
    "lat": 32.7833,
    "lng": 129.8667,
    "country": "Japan",
    "iso2": "JP",
    "admin_name": "Nagasaki",
    "capital": "admin",
    "population": 404656,
    "population_proper": 404656
  },
  {
    "city": "Gifu",
    "lat": 35.4167,
    "lng": 136.7667,
    "country": "Japan",
    "iso2": "JP",
    "admin_name": "Gifu",
    "capital": "admin",
    "population": 400118,
    "population_proper": 400118
  },
  {
    "city": "Miyazaki",
    "lat": 31.9167,
    "lng": 131.4167,
    "country": "Japan",
    "iso2": "JP",
    "admin_name": "Miyazaki",
    "capital": "admin",
    "population": 397476,
    "population_proper": 397476
  },
  {
    "city": "Okazaki",
    "lat": 34.95,
    "lng": 137.1667,
    "country": "Japan",
    "iso2": "JP",
    "admin_name": "Aichi",
    "capital": "",
    "population": 385376,
    "population_proper": 385376
  },
  {
    "city": "Ichinomiya",
    "lat": 35.3039,
    "lng": 136.8031,
    "country": "Japan",
    "iso2": "JP",
    "admin_name": "Aichi",
    "capital": "",
    "population": 378681,
    "population_proper": 378681
  },
  {
    "city": "Toyohashi",
    "lat": 34.7667,
    "lng": 137.3833,
    "country": "Japan",
    "iso2": "JP",
    "admin_name": "Aichi",
    "capital": "",
    "population": 371507,
    "population_proper": 371507
  },
  {
    "city": "Nagano",
    "lat": 36.6486,
    "lng": 138.1928,
    "country": "Japan",
    "iso2": "JP",
    "admin_name": "Nagano",
    "capital": "admin",
    "population": 367184,
    "population_proper": 367184
  },
  {
    "city": "Wakayama",
    "lat": 34.2333,
    "lng": 135.1667,
    "country": "Japan",
    "iso2": "JP",
    "admin_name": "Wakayama",
    "capital": "admin",
    "population": 353299,
    "population_proper": 353299
  },
  {
    "city": "Nara",
    "lat": 34.6833,
    "lng": 135.7833,
    "country": "Japan",
    "iso2": "JP",
    "admin_name": "Nara",
    "capital": "admin",
    "population": 352377,
    "population_proper": 352377
  },
  {
    "city": "Koshigaya",
    "lat": 35.8911,
    "lng": 139.7908,
    "country": "Japan",
    "iso2": "JP",
    "admin_name": "Saitama",
    "capital": "",
    "population": 346768,
    "population_proper": 346768
  },
  {
    "city": "Otsu",
    "lat": 35.0167,
    "lng": 135.85,
    "country": "Japan",
    "iso2": "JP",
    "admin_name": "Shiga",
    "capital": "admin",
    "population": 342607,
    "population_proper": 342607
  },
  {
    "city": "Tokorozawa",
    "lat": 35.7994,
    "lng": 139.4689,
    "country": "Japan",
    "iso2": "JP",
    "admin_name": "Saitama",
    "capital": "",
    "population": 341195,
    "population_proper": 341195
  },
  {
    "city": "Tamuramachi-moriyama",
    "lat": 37.3252,
    "lng": 140.4134,
    "country": "Japan",
    "iso2": "JP",
    "admin_name": "Fukushima",
    "capital": "",
    "population": 340560,
    "population_proper": 264602
  },
  {
    "city": "Kawagoe",
    "lat": 35.9251,
    "lng": 139.4858,
    "country": "Japan",
    "iso2": "JP",
    "admin_name": "Saitama",
    "capital": "",
    "population": 337931,
    "population_proper": 337931
  },
  {
    "city": "Iwaki",
    "lat": 37.0333,
    "lng": 140.8833,
    "country": "Japan",
    "iso2": "JP",
    "admin_name": "Fukushima",
    "capital": "",
    "population": 336111,
    "population_proper": 336111
  },
  {
    "city": "Maebashi",
    "lat": 36.3833,
    "lng": 139.0667,
    "country": "Japan",
    "iso2": "JP",
    "admin_name": "Gunma",
    "capital": "admin",
    "population": 331576,
    "population_proper": 331576
  },
  {
    "city": "Asahikawa",
    "lat": 43.7706,
    "lng": 142.365,
    "country": "Japan",
    "iso2": "JP",
    "admin_name": "Hokkaido",
    "capital": "",
    "population": 331392,
    "population_proper": 331392
  },
  {
    "city": "Kochi",
    "lat": 33.5589,
    "lng": 133.5314,
    "country": "Japan",
    "iso2": "JP",
    "admin_name": "Kochi",
    "capital": "admin",
    "population": 325560,
    "population_proper": 325560
  },
  {
    "city": "Naha",
    "lat": 26.2122,
    "lng": 127.6789,
    "country": "Japan",
    "iso2": "JP",
    "admin_name": "Okinawa",
    "capital": "admin",
    "population": 316048,
    "population_proper": 316048
  },
  {
    "city": "Yokkaichi",
    "lat": 34.9667,
    "lng": 136.6167,
    "country": "Japan",
    "iso2": "JP",
    "admin_name": "Mie",
    "capital": "",
    "population": 310263,
    "population_proper": 310263
  },
  {
    "city": "Kasugai",
    "lat": 35.25,
    "lng": 136.9667,
    "country": "Japan",
    "iso2": "JP",
    "admin_name": "Aichi",
    "capital": "",
    "population": 306449,
    "population_proper": 306449
  },
  {
    "city": "Akita",
    "lat": 39.7197,
    "lng": 140.1025,
    "country": "Japan",
    "iso2": "JP",
    "admin_name": "Akita",
    "capital": "admin",
    "population": 302984,
    "population_proper": 302984
  },
  {
    "city": "Oakashicho",
    "lat": 34.6431,
    "lng": 134.9975,
    "country": "Japan",
    "iso2": "JP",
    "admin_name": "Hyogo",
    "capital": "",
    "population": 299699,
    "population_proper": 299699
  },
  {
    "city": "Toshima",
    "lat": 35.7333,
    "lng": 139.7167,
    "country": "Japan",
    "iso2": "JP",
    "admin_name": "Tokyo",
    "capital": "",
    "population": 297954,
    "population_proper": 297954
  },
  {
    "city": "Morioka",
    "lat": 39.6833,
    "lng": 141.15,
    "country": "Japan",
    "iso2": "JP",
    "admin_name": "Iwate",
    "capital": "admin",
    "population": 290553,
    "population_proper": 290553
  },
  {
    "city": "Fukushima",
    "lat": 37.7608,
    "lng": 140.4733,
    "country": "Japan",
    "iso2": "JP",
    "admin_name": "Fukushima",
    "capital": "admin",
    "population": 284282,
    "population_proper": 284282
  },
  {
    "city": "Tsu",
    "lat": 34.7186,
    "lng": 136.5056,
    "country": "Japan",
    "iso2": "JP",
    "admin_name": "Mie",
    "capital": "admin",
    "population": 273267,
    "population_proper": 273267
  },
  {
    "city": "Aomori",
    "lat": 40.8222,
    "lng": 140.7475,
    "country": "Japan",
    "iso2": "JP",
    "admin_name": "Aomori",
    "capital": "admin",
    "population": 271962,
    "population_proper": 271962
  },
  {
    "city": "Mito",
    "lat": 36.3667,
    "lng": 140.4667,
    "country": "Japan",
    "iso2": "JP",
    "admin_name": "Ibaraki",
    "capital": "admin",
    "population": 269103,
    "population_proper": 269103
  },
  {
    "city": "Ichihara",
    "lat": 35.4981,
    "lng": 140.1156,
    "country": "Japan",
    "iso2": "JP",
    "admin_name": "Chiba",
    "capital": "",
    "population": 268038,
    "population_proper": 268038
  },
  {
    "city": "Fuch큰",
    "lat": 35.6689,
    "lng": 139.4778,
    "country": "Japan",
    "iso2": "JP",
    "admin_name": "Tokyo",
    "capital": "",
    "population": 263093,
    "population_proper": 263093
  },
  {
    "city": "Fukui",
    "lat": 36.0641,
    "lng": 136.2196,
    "country": "Japan",
    "iso2": "JP",
    "admin_name": "Fukui",
    "capital": "admin",
    "population": 260263,
    "population_proper": 260263
  },
  {
    "city": "Minato",
    "lat": 35.6581,
    "lng": 139.7514,
    "country": "Japan",
    "iso2": "JP",
    "admin_name": "Tokyo",
    "capital": "",
    "population": 258105,
    "population_proper": 258105
  },
  {
    "city": "Hiratsuka",
    "lat": 35.3231,
    "lng": 139.3422,
    "country": "Japan",
    "iso2": "JP",
    "admin_name": "Kanagawa",
    "capital": "",
    "population": 257662,
    "population_proper": 257662
  },
  {
    "city": "Tokushima",
    "lat": 34.0667,
    "lng": 134.55,
    "country": "Japan",
    "iso2": "JP",
    "admin_name": "Tokushima",
    "capital": "admin",
    "population": 254510,
    "population_proper": 254510
  },
  {
    "city": "Shinozaki",
    "lat": 33.95,
    "lng": 130.9333,
    "country": "Japan",
    "iso2": "JP",
    "admin_name": "Fukuoka",
    "capital": "",
    "population": 252844,
    "population_proper": 252844
  },
  {
    "city": "Hakodate",
    "lat": 41.7733,
    "lng": 140.7261,
    "country": "Japan",
    "iso2": "JP",
    "admin_name": "Hokkaido",
    "capital": "",
    "population": 251942,
    "population_proper": 251942
  },
  {
    "city": "Soka",
    "lat": 35.8256,
    "lng": 139.8056,
    "country": "Japan",
    "iso2": "JP",
    "admin_name": "Saitama",
    "capital": "",
    "population": 251390,
    "population_proper": 251390
  },
  {
    "city": "Yamagata",
    "lat": 38.25,
    "lng": 140.3333,
    "country": "Japan",
    "iso2": "JP",
    "admin_name": "Yamagata",
    "capital": "admin",
    "population": 247234,
    "population_proper": 247234
  },
  {
    "city": "Tsukuba-kenky큰gakuen-toshi",
    "lat": 36.0333,
    "lng": 140.0667,
    "country": "Japan",
    "iso2": "JP",
    "admin_name": "Ibaraki",
    "capital": "",
    "population": 246647,
    "population_proper": 246647
  },
  {
    "city": "Fuji",
    "lat": 35.1614,
    "lng": 138.6764,
    "country": "Japan",
    "iso2": "JP",
    "admin_name": "Shizuoka",
    "capital": "",
    "population": 243739,
    "population_proper": 243739
  },
  {
    "city": "Chigasaki",
    "lat": 35.3339,
    "lng": 139.4047,
    "country": "Japan",
    "iso2": "JP",
    "admin_name": "Kanagawa",
    "capital": "",
    "population": 242347,
    "population_proper": 242347
  },
  {
    "city": "Chofugaoka",
    "lat": 35.6506,
    "lng": 139.5408,
    "country": "Japan",
    "iso2": "JP",
    "admin_name": "Tokyo",
    "capital": "",
    "population": 240359,
    "population_proper": 240359
  },
  {
    "city": "Yato",
    "lat": 35.4693,
    "lng": 139.4616,
    "country": "Japan",
    "iso2": "JP",
    "admin_name": "Kanagawa",
    "capital": "",
    "population": 239146,
    "population_proper": 239146
  },
  {
    "city": "Hachimancho",
    "lat": 40.51,
    "lng": 141.54,
    "country": "Japan",
    "iso2": "JP",
    "admin_name": "Aomori",
    "capital": "",
    "population": 239046,
    "population_proper": 212104
  },
  {
    "city": "Sato",
    "lat": 33.1631,
    "lng": 129.7177,
    "country": "Japan",
    "iso2": "JP",
    "admin_name": "Nagasaki",
    "capital": "",
    "population": 237444,
    "population_proper": 211251
  },
  {
    "city": "Saga",
    "lat": 33.2667,
    "lng": 130.3,
    "country": "Japan",
    "iso2": "JP",
    "admin_name": "Saga",
    "capital": "admin",
    "population": 232359,
    "population_proper": 232359
  },
  {
    "city": "Neya",
    "lat": 34.7661,
    "lng": 135.6281,
    "country": "Japan",
    "iso2": "JP",
    "admin_name": "Osaka",
    "capital": "",
    "population": 227997,
    "population_proper": 227997
  },
  {
    "city": "Ageoshimo",
    "lat": 35.9775,
    "lng": 139.5933,
    "country": "Japan",
    "iso2": "JP",
    "admin_name": "Saitama",
    "capital": "",
    "population": 226616,
    "population_proper": 226616
  },
  {
    "city": "Minamiozuma",
    "lat": 36.2404,
    "lng": 137.97,
    "country": "Japan",
    "iso2": "JP",
    "admin_name": "Nagano",
    "capital": "",
    "population": 224926,
    "population_proper": 210667
  },
  {
    "city": "Arakawa",
    "lat": 35.7333,
    "lng": 139.7833,
    "country": "Japan",
    "iso2": "JP",
    "admin_name": "Tokyo",
    "capital": "",
    "population": 217891,
    "population_proper": 217891
  },
  {
    "city": "Kure",
    "lat": 34.2492,
    "lng": 132.5658,
    "country": "Japan",
    "iso2": "JP",
    "admin_name": "Hiroshima",
    "capital": "",
    "population": 212159,
    "population_proper": 212159
  },
  {
    "city": "Taito",
    "lat": 35.7126,
    "lng": 139.78,
    "country": "Japan",
    "iso2": "JP",
    "admin_name": "Tokyo",
    "capital": "",
    "population": 210528,
    "population_proper": 210528
  },
  {
    "city": "Matsue",
    "lat": 35.4681,
    "lng": 133.0486,
    "country": "Japan",
    "iso2": "JP",
    "admin_name": "Shimane",
    "capital": "admin",
    "population": 201802,
    "population_proper": 201802
  },
  {
    "city": "Yachiyo",
    "lat": 35.7225,
    "lng": 140.0997,
    "country": "Japan",
    "iso2": "JP",
    "admin_name": "Chiba",
    "capital": "",
    "population": 200538,
    "population_proper": 200538
  },
  {
    "city": "Ashino",
    "lat": 42.975,
    "lng": 144.3747,
    "country": "Japan",
    "iso2": "JP",
    "admin_name": "Hokkaido",
    "capital": "",
    "population": 198566,
    "population_proper": 183612
  },
  {
    "city": "Higashi-Hiroshima",
    "lat": 34.4167,
    "lng": 132.7333,
    "country": "Japan",
    "iso2": "JP",
    "admin_name": "Hiroshima",
    "capital": "",
    "population": 197347,
    "population_proper": 197347
  },
  {
    "city": "Naka",
    "lat": 37.4504,
    "lng": 138.86,
    "country": "Japan",
    "iso2": "JP",
    "admin_name": "Niigata",
    "capital": "",
    "population": 195318,
    "population_proper": 179802
  },
  {
    "city": "Suzuka",
    "lat": 34.8822,
    "lng": 136.5842,
    "country": "Japan",
    "iso2": "JP",
    "admin_name": "Mie",
    "capital": "",
    "population": 195250,
    "population_proper": 195250
  },
  {
    "city": "Kamirenjaku",
    "lat": 35.6833,
    "lng": 139.5594,
    "country": "Japan",
    "iso2": "JP",
    "admin_name": "Tokyo",
    "capital": "",
    "population": 194460,
    "population_proper": 194460
  },
  {
    "city": "Kumagaya",
    "lat": 36.1472,
    "lng": 139.3886,
    "country": "Japan",
    "iso2": "JP",
    "admin_name": "Saitama",
    "capital": "",
    "population": 193190,
    "population_proper": 193190
  },
  {
    "city": "Hino",
    "lat": 35.6714,
    "lng": 139.395,
    "country": "Japan",
    "iso2": "JP",
    "admin_name": "Tokyo",
    "capital": "",
    "population": 190598,
    "population_proper": 190598
  },
  {
    "city": "Anjomachi",
    "lat": 34.9667,
    "lng": 137.0833,
    "country": "Japan",
    "iso2": "JP",
    "admin_name": "Aichi",
    "capital": "",
    "population": 188801,
    "population_proper": 188801
  },
  {
    "city": "Tottori",
    "lat": 35.5011,
    "lng": 134.235,
    "country": "Japan",
    "iso2": "JP",
    "admin_name": "Tottori",
    "capital": "",
    "population": 187323,
    "population_proper": 187323
  },
  {
    "city": "Joetsu",
    "lat": 37.15,
    "lng": 138.2333,
    "country": "Japan",
    "iso2": "JP",
    "admin_name": "Niigata",
    "capital": "",
    "population": 187291,
    "population_proper": 187291
  },
  {
    "city": "Kofu",
    "lat": 35.6667,
    "lng": 138.5667,
    "country": "Japan",
    "iso2": "JP",
    "admin_name": "Yamanashi",
    "capital": "admin",
    "population": 187144,
    "population_proper": 187144
  },
  {
    "city": "Izuo",
    "lat": 34.4836,
    "lng": 135.4236,
    "country": "Japan",
    "iso2": "JP",
    "admin_name": "Osaka",
    "capital": "",
    "population": 184299,
    "population_proper": 184299
  },
  {
    "city": "Tachikawa",
    "lat": 35.6939,
    "lng": 139.4194,
    "country": "Japan",
    "iso2": "JP",
    "admin_name": "Tokyo",
    "capital": "",
    "population": 181115,
    "population_proper": 181115
  },
  {
    "city": "Narashino",
    "lat": 35.6808,
    "lng": 140.0267,
    "country": "Japan",
    "iso2": "JP",
    "admin_name": "Chiba",
    "capital": "",
    "population": 174990,
    "population_proper": 174990
  },
  {
    "city": "Obiraki",
    "lat": 40.57,
    "lng": 140.47,
    "country": "Japan",
    "iso2": "JP",
    "admin_name": "Aomori",
    "capital": "",
    "population": 174972,
    "population_proper": 168429
  },
  {
    "city": "Takaoka",
    "lat": 42.6504,
    "lng": 141.55,
    "country": "Japan",
    "iso2": "JP",
    "admin_name": "Hokkaido",
    "capital": "",
    "population": 174806,
    "population_proper": 147905
  },
  {
    "city": "Beppucho",
    "lat": 42.9304,
    "lng": 143.17,
    "country": "Japan",
    "iso2": "JP",
    "admin_name": "Hokkaido",
    "capital": "",
    "population": 173890,
    "population_proper": 165338
  },
  {
    "city": "Hitachi",
    "lat": 36.6,
    "lng": 140.65,
    "country": "Japan",
    "iso2": "JP",
    "admin_name": "Ibaraki",
    "capital": "",
    "population": 172709,
    "population_proper": 172709
  },
  {
    "city": "Izumo",
    "lat": 35.3681,
    "lng": 132.755,
    "country": "Japan",
    "iso2": "JP",
    "admin_name": "Shimane",
    "capital": "",
    "population": 171995,
    "population_proper": 171995
  },
  {
    "city": "Nishio",
    "lat": 34.8667,
    "lng": 137.0667,
    "country": "Japan",
    "iso2": "JP",
    "admin_name": "Aichi",
    "capital": "",
    "population": 168992,
    "population_proper": 168992
  },
  {
    "city": "Takaoka",
    "lat": 36.7541,
    "lng": 137.0257,
    "country": "Japan",
    "iso2": "JP",
    "admin_name": "Toyama",
    "capital": "",
    "population": 165880,
    "population_proper": 165880
  },
  {
    "city": "Iwata",
    "lat": 34.7178,
    "lng": 137.8514,
    "country": "Japan",
    "iso2": "JP",
    "admin_name": "Shizuoka",
    "capital": "",
    "population": 165688,
    "population_proper": 165688
  },
  {
    "city": "Niiza",
    "lat": 35.7933,
    "lng": 139.5653,
    "country": "Japan",
    "iso2": "JP",
    "admin_name": "Saitama",
    "capital": "",
    "population": 164653,
    "population_proper": 164653
  },
  {
    "city": "Ube",
    "lat": 33.9517,
    "lng": 131.2467,
    "country": "Japan",
    "iso2": "JP",
    "admin_name": "Yamaguchi",
    "capital": "",
    "population": 162873,
    "population_proper": 162873
  },
  {
    "city": "Matsuzaka",
    "lat": 34.5781,
    "lng": 136.5275,
    "country": "Japan",
    "iso2": "JP",
    "admin_name": "Mie",
    "capital": "",
    "population": 158472,
    "population_proper": 158472
  },
  {
    "city": "Ogaki",
    "lat": 35.3594,
    "lng": 136.6128,
    "country": "Japan",
    "iso2": "JP",
    "admin_name": "Gifu",
    "capital": "",
    "population": 158386,
    "population_proper": 158386
  },
  {
    "city": "Hitachi-Naka",
    "lat": 36.3964,
    "lng": 140.5344,
    "country": "Japan",
    "iso2": "JP",
    "admin_name": "Ibaraki",
    "capital": "",
    "population": 154311,
    "population_proper": 154311
  },
  {
    "city": "Tochigi",
    "lat": 36.3824,
    "lng": 139.7341,
    "country": "Japan",
    "iso2": "JP",
    "admin_name": "Tochigi",
    "capital": "",
    "population": 153508,
    "population_proper": 153508
  },
  {
    "city": "Kariya",
    "lat": 34.9893,
    "lng": 137.0021,
    "country": "Japan",
    "iso2": "JP",
    "admin_name": "Aichi",
    "capital": "",
    "population": 153178,
    "population_proper": 153178
  },
  {
    "city": "Ueda",
    "lat": 36.4019,
    "lng": 138.2491,
    "country": "Japan",
    "iso2": "JP",
    "admin_name": "Nagano",
    "capital": "",
    "population": 152481,
    "population_proper": 152481
  },
  {
    "city": "Higashimurayama",
    "lat": 35.7547,
    "lng": 139.4686,
    "country": "Japan",
    "iso2": "JP",
    "admin_name": "Tokyo",
    "capital": "",
    "population": 150458,
    "population_proper": 150458
  },
  {
    "city": "Kukich큰o",
    "lat": 36.0622,
    "lng": 139.6669,
    "country": "Japan",
    "iso2": "JP",
    "admin_name": "Saitama",
    "capital": "",
    "population": 150197,
    "population_proper": 150197
  },
  {
    "city": "Sayama",
    "lat": 35.8531,
    "lng": 139.4122,
    "country": "Japan",
    "iso2": "JP",
    "admin_name": "Saitama",
    "capital": "",
    "population": 148324,
    "population_proper": 148324
  },
  {
    "city": "Komaki",
    "lat": 35.2833,
    "lng": 136.9167,
    "country": "Japan",
    "iso2": "JP",
    "admin_name": "Aichi",
    "capital": "",
    "population": 147897,
    "population_proper": 147897
  },
  {
    "city": "Tama",
    "lat": 35.6333,
    "lng": 139.45,
    "country": "Japan",
    "iso2": "JP",
    "admin_name": "Tokyo",
    "capital": "",
    "population": 147252,
    "population_proper": 147252
  },
  {
    "city": "Yonago",
    "lat": 35.4281,
    "lng": 133.3311,
    "country": "Japan",
    "iso2": "JP",
    "admin_name": "Tottori",
    "capital": "",
    "population": 147210,
    "population_proper": 147210
  },
  {
    "city": "Iruma",
    "lat": 35.8358,
    "lng": 139.3911,
    "country": "Japan",
    "iso2": "JP",
    "admin_name": "Saitama",
    "capital": "",
    "population": 145778,
    "population_proper": 145778
  },
  {
    "city": "Kakamigahara",
    "lat": 35.3989,
    "lng": 136.8486,
    "country": "Japan",
    "iso2": "JP",
    "admin_name": "Gifu",
    "capital": "",
    "population": 143641,
    "population_proper": 143641
  },
  {
    "city": "Kusatsu",
    "lat": 35.0167,
    "lng": 135.9667,
    "country": "Japan",
    "iso2": "JP",
    "admin_name": "Shiga",
    "capital": "",
    "population": 143230,
    "population_proper": 143230
  },
  {
    "city": "Shimotoda",
    "lat": 35.8175,
    "lng": 139.6778,
    "country": "Japan",
    "iso2": "JP",
    "admin_name": "Saitama",
    "capital": "",
    "population": 142352,
    "population_proper": 142352
  },
  {
    "city": "Misato",
    "lat": 35.8303,
    "lng": 139.8725,
    "country": "Japan",
    "iso2": "JP",
    "admin_name": "Saitama",
    "capital": "",
    "population": 141913,
    "population_proper": 141913
  },
  {
    "city": "Fukayacho",
    "lat": 36.2,
    "lng": 139.2833,
    "country": "Japan",
    "iso2": "JP",
    "admin_name": "Saitama",
    "capital": "",
    "population": 141336,
    "population_proper": 141336
  },
  {
    "city": "Ishizaki",
    "lat": 38.4281,
    "lng": 141.3061,
    "country": "Japan",
    "iso2": "JP",
    "admin_name": "Miyagi",
    "capital": "",
    "population": 138856,
    "population_proper": 138856
  },
  {
    "city": "Kuwana",
    "lat": 35.0622,
    "lng": 136.6839,
    "country": "Japan",
    "iso2": "JP",
    "admin_name": "Mie",
    "capital": "",
    "population": 138798,
    "population_proper": 138798
  },
  {
    "city": "Koga",
    "lat": 36.1833,
    "lng": 139.7,
    "country": "Japan",
    "iso2": "JP",
    "admin_name": "Ibaraki",
    "capital": "",
    "population": 138237,
    "population_proper": 138237
  },
  {
    "city": "Kisarazu",
    "lat": 35.3761,
    "lng": 139.9169,
    "country": "Japan",
    "iso2": "JP",
    "admin_name": "Chiba",
    "capital": "",
    "population": 136118,
    "population_proper": 136118
  },
  {
    "city": "Yaizu",
    "lat": 34.8667,
    "lng": 138.3167,
    "country": "Japan",
    "iso2": "JP",
    "admin_name": "Shizuoka",
    "capital": "",
    "population": 136028,
    "population_proper": 136028
  },
  {
    "city": "Inazawa",
    "lat": 35.25,
    "lng": 136.7833,
    "country": "Japan",
    "iso2": "JP",
    "admin_name": "Aichi",
    "capital": "",
    "population": 134938,
    "population_proper": 134938
  },
  {
    "city": "Ome",
    "lat": 35.7839,
    "lng": 139.2431,
    "country": "Japan",
    "iso2": "JP",
    "admin_name": "Tokyo",
    "capital": "",
    "population": 132436,
    "population_proper": 132436
  },
  {
    "city": "Zama",
    "lat": 35.4886,
    "lng": 139.4075,
    "country": "Japan",
    "iso2": "JP",
    "admin_name": "Kanagawa",
    "capital": "",
    "population": 130753,
    "population_proper": 130753
  },
  {
    "city": "Narita",
    "lat": 35.7833,
    "lng": 140.3167,
    "country": "Japan",
    "iso2": "JP",
    "admin_name": "Chiba",
    "capital": "",
    "population": 130689,
    "population_proper": 130689
  },
  {
    "city": "Abiko",
    "lat": 35.8642,
    "lng": 140.0282,
    "country": "Japan",
    "iso2": "JP",
    "admin_name": "Chiba",
    "capital": "",
    "population": 130290,
    "population_proper": 130290
  },
  {
    "city": "Onomichi",
    "lat": 34.4089,
    "lng": 133.205,
    "country": "Japan",
    "iso2": "JP",
    "admin_name": "Hiroshima",
    "capital": "",
    "population": 130143,
    "population_proper": 130143
  },
  {
    "city": "Kokubunji",
    "lat": 35.7108,
    "lng": 139.4622,
    "country": "Japan",
    "iso2": "JP",
    "admin_name": "Tokyo",
    "capital": "",
    "population": 129619,
    "population_proper": 129619
  },
  {
    "city": "Seto",
    "lat": 35.2167,
    "lng": 137.0833,
    "country": "Japan",
    "iso2": "JP",
    "admin_name": "Aichi",
    "capital": "",
    "population": 127327,
    "population_proper": 127327
  },
  {
    "city": "Omiyacho",
    "lat": 35.2222,
    "lng": 138.6214,
    "country": "Japan",
    "iso2": "JP",
    "admin_name": "Shizuoka",
    "capital": "",
    "population": 127252,
    "population_proper": 127252
  },
  {
    "city": "Iizuka",
    "lat": 33.6458,
    "lng": 130.6914,
    "country": "Japan",
    "iso2": "JP",
    "admin_name": "Fukuoka",
    "capital": "",
    "population": 126136,
    "population_proper": 126136
  },
  {
    "city": "Ise",
    "lat": 34.4833,
    "lng": 136.7167,
    "country": "Japan",
    "iso2": "JP",
    "admin_name": "Mie",
    "capital": "",
    "population": 122432,
    "population_proper": 122432
  },
  {
    "city": "Kashiwara",
    "lat": 34.5094,
    "lng": 135.7925,
    "country": "Japan",
    "iso2": "JP",
    "admin_name": "Nara",
    "capital": "",
    "population": 121604,
    "population_proper": 121604
  },
  {
    "city": "Tsuruoka",
    "lat": 38.7217,
    "lng": 139.8217,
    "country": "Japan",
    "iso2": "JP",
    "admin_name": "Yamagata",
    "capital": "",
    "population": 121371,
    "population_proper": 121371
  },
  {
    "city": "Ebetsu",
    "lat": 43.1039,
    "lng": 141.5361,
    "country": "Japan",
    "iso2": "JP",
    "admin_name": "Hokkaido",
    "capital": "",
    "population": 119819,
    "population_proper": 119819
  },
  {
    "city": "Daitocho",
    "lat": 34.7119,
    "lng": 135.6233,
    "country": "Japan",
    "iso2": "JP",
    "admin_name": "Osaka",
    "capital": "",
    "population": 118799,
    "population_proper": 118799
  },
  {
    "city": "Kadoma",
    "lat": 34.7333,
    "lng": 135.5833,
    "country": "Japan",
    "iso2": "JP",
    "admin_name": "Osaka",
    "capital": "",
    "population": 118319,
    "population_proper": 118319
  },
  {
    "city": "Nobeoka",
    "lat": 32.5822,
    "lng": 131.665,
    "country": "Japan",
    "iso2": "JP",
    "admin_name": "Miyazaki",
    "capital": "",
    "population": 117711,
    "population_proper": 117711
  },
  {
    "city": "Konosu",
    "lat": 36.0687,
    "lng": 139.5168,
    "country": "Japan",
    "iso2": "JP",
    "admin_name": "Saitama",
    "capital": "",
    "population": 116777,
    "population_proper": 116777
  },
  {
    "city": "Honcho",
    "lat": 35.7581,
    "lng": 139.5297,
    "country": "Japan",
    "iso2": "JP",
    "admin_name": "Tokyo",
    "capital": "",
    "population": 116477,
    "population_proper": 116477
  },
  {
    "city": "Ikoma",
    "lat": 34.6919,
    "lng": 135.7006,
    "country": "Japan",
    "iso2": "JP",
    "admin_name": "Nara",
    "capital": "",
    "population": 116174,
    "population_proper": 116174
  },
  {
    "city": "Beppu",
    "lat": 33.2847,
    "lng": 131.4911,
    "country": "Japan",
    "iso2": "JP",
    "admin_name": "Oita",
    "capital": "",
    "population": 115992,
    "population_proper": 115992
  },
  {
    "city": "Nasushiobara",
    "lat": 36.9617,
    "lng": 140.0461,
    "country": "Japan",
    "iso2": "JP",
    "admin_name": "Tochigi",
    "capital": "",
    "population": 115602,
    "population_proper": 115602
  },
  {
    "city": "Koencho",
    "lat": 43.8081,
    "lng": 143.8942,
    "country": "Japan",
    "iso2": "JP",
    "admin_name": "Hokkaido",
    "capital": "",
    "population": 115441,
    "population_proper": 115441
  },
  {
    "city": "Niihama",
    "lat": 33.9603,
    "lng": 133.2834,
    "country": "Japan",
    "iso2": "JP",
    "admin_name": "Ehime",
    "capital": "",
    "population": 114971,
    "population_proper": 114971
  },
  {
    "city": "Sano",
    "lat": 36.3144,
    "lng": 139.5783,
    "country": "Japan",
    "iso2": "JP",
    "admin_name": "Tochigi",
    "capital": "",
    "population": 114842,
    "population_proper": 114842
  },
  {
    "city": "Hatsukaichi",
    "lat": 34.3486,
    "lng": 132.3317,
    "country": "Japan",
    "iso2": "JP",
    "admin_name": "Hiroshima",
    "capital": "",
    "population": 114699,
    "population_proper": 114699
  },
  {
    "city": "Hikone",
    "lat": 35.2744,
    "lng": 136.2597,
    "country": "Japan",
    "iso2": "JP",
    "admin_name": "Shiga",
    "capital": "",
    "population": 113191,
    "population_proper": 113191
  },
  {
    "city": "Hofu",
    "lat": 34.05,
    "lng": 131.5667,
    "country": "Japan",
    "iso2": "JP",
    "admin_name": "Yamaguchi",
    "capital": "",
    "population": 113170,
    "population_proper": 113170
  },
  {
    "city": "Fujimino",
    "lat": 35.8794,
    "lng": 139.5197,
    "country": "Japan",
    "iso2": "JP",
    "admin_name": "Saitama",
    "capital": "",
    "population": 112745,
    "population_proper": 112745
  },
  {
    "city": "Higashiomi",
    "lat": 35.1128,
    "lng": 136.2078,
    "country": "Japan",
    "iso2": "JP",
    "admin_name": "Shiga",
    "capital": "",
    "population": 112459,
    "population_proper": 112459
  },
  {
    "city": "Otaru",
    "lat": 43.1833,
    "lng": 141,
    "country": "Japan",
    "iso2": "JP",
    "admin_name": "Hokkaido",
    "capital": "",
    "population": 112452,
    "population_proper": 112452
  },
  {
    "city": "Osh큰",
    "lat": 39.1444,
    "lng": 141.1389,
    "country": "Japan",
    "iso2": "JP",
    "admin_name": "Iwate",
    "capital": "",
    "population": 112402,
    "population_proper": 112402
  },
  {
    "city": "Akishima",
    "lat": 35.7056,
    "lng": 139.3536,
    "country": "Japan",
    "iso2": "JP",
    "admin_name": "Tokyo",
    "capital": "",
    "population": 112110,
    "population_proper": 112110
  },
  {
    "city": "Kasuga",
    "lat": 33.5328,
    "lng": 130.4703,
    "country": "Japan",
    "iso2": "JP",
    "admin_name": "Fukuoka",
    "capital": "",
    "population": 111144,
    "population_proper": 111144
  },
  {
    "city": "Shirayamamachi",
    "lat": 36.5144,
    "lng": 136.5656,
    "country": "Japan",
    "iso2": "JP",
    "admin_name": "Ishikawa",
    "capital": "",
    "population": 110135,
    "population_proper": 110135
  },
  {
    "city": "Kamagaya",
    "lat": 35.7769,
    "lng": 140.0008,
    "country": "Japan",
    "iso2": "JP",
    "admin_name": "Chiba",
    "capital": "",
    "population": 109370,
    "population_proper": 109370
  },
  {
    "city": "Sandacho",
    "lat": 34.8894,
    "lng": 135.2253,
    "country": "Japan",
    "iso2": "JP",
    "admin_name": "Hyogo",
    "capital": "",
    "population": 109243,
    "population_proper": 109243
  },
  {
    "city": "Tondabayashicho",
    "lat": 34.4992,
    "lng": 135.5972,
    "country": "Japan",
    "iso2": "JP",
    "admin_name": "Osaka",
    "capital": "",
    "population": 108735,
    "population_proper": 108735
  },
  {
    "city": "Habikino",
    "lat": 34.5578,
    "lng": 135.6061,
    "country": "Japan",
    "iso2": "JP",
    "admin_name": "Osaka",
    "capital": "",
    "population": 108373,
    "population_proper": 108373
  },
  {
    "city": "Mineshita",
    "lat": 35.1186,
    "lng": 138.9186,
    "country": "Japan",
    "iso2": "JP",
    "admin_name": "Shizuoka",
    "capital": "",
    "population": 107416,
    "population_proper": 107416
  },
  {
    "city": "Tajimi",
    "lat": 35.3328,
    "lng": 137.1322,
    "country": "Japan",
    "iso2": "JP",
    "admin_name": "Gifu",
    "capital": "",
    "population": 106746,
    "population_proper": 106746
  },
  {
    "city": "Ikeda",
    "lat": 34.8167,
    "lng": 135.4333,
    "country": "Japan",
    "iso2": "JP",
    "admin_name": "Osaka",
    "capital": "",
    "population": 104148,
    "population_proper": 104148
  },
  {
    "city": "Toride",
    "lat": 35.9114,
    "lng": 140.0503,
    "country": "Japan",
    "iso2": "JP",
    "admin_name": "Ibaraki",
    "capital": "",
    "population": 103908,
    "population_proper": 103908
  },
  {
    "city": "Saijo",
    "lat": 33.9196,
    "lng": 133.1812,
    "country": "Japan",
    "iso2": "JP",
    "admin_name": "Ehime",
    "capital": "",
    "population": 103760,
    "population_proper": 103760
  },
  {
    "city": "Inzai",
    "lat": 35.8322,
    "lng": 140.1458,
    "country": "Japan",
    "iso2": "JP",
    "admin_name": "Chiba",
    "capital": "",
    "population": 103677,
    "population_proper": 103677
  },
  {
    "city": "Isehara",
    "lat": 35.4028,
    "lng": 139.315,
    "country": "Japan",
    "iso2": "JP",
    "admin_name": "Kanagawa",
    "capital": "",
    "population": 102088,
    "population_proper": 102088
  },
  {
    "city": "Shibuya",
    "lat": 35.6536,
    "lng": 139.7092,
    "country": "Japan",
    "iso2": "JP",
    "admin_name": "Tokyo",
    "capital": "",
    "population": 102056,
    "population_proper": 102056
  },
  {
    "city": "Sakado",
    "lat": 35.9572,
    "lng": 139.4031,
    "country": "Japan",
    "iso2": "JP",
    "admin_name": "Saitama",
    "capital": "",
    "population": 100829,
    "population_proper": 100829
  },
  {
    "city": "Chikusei",
    "lat": 36.3072,
    "lng": 139.9831,
    "country": "Japan",
    "iso2": "JP",
    "admin_name": "Ibaraki",
    "capital": "",
    "population": 99758,
    "population_proper": 99758
  },
  {
    "city": "Kani",
    "lat": 35.4258,
    "lng": 137.0611,
    "country": "Japan",
    "iso2": "JP",
    "admin_name": "Gifu",
    "capital": "",
    "population": 99545,
    "population_proper": 99545
  },
  {
    "city": "Ginowan",
    "lat": 26.2817,
    "lng": 127.7783,
    "country": "Japan",
    "iso2": "JP",
    "admin_name": "Okinawa",
    "capital": "",
    "population": 99256,
    "population_proper": 99256
  },
  {
    "city": "Sakata",
    "lat": 38.9144,
    "lng": 139.8364,
    "country": "Japan",
    "iso2": "JP",
    "admin_name": "Yamagata",
    "capital": "",
    "population": 99235,
    "population_proper": 99235
  },
  {
    "city": "Saku",
    "lat": 36.2489,
    "lng": 138.4769,
    "country": "Japan",
    "iso2": "JP",
    "admin_name": "Nagano",
    "capital": "",
    "population": 98292,
    "population_proper": 98292
  },
  {
    "city": "Konan",
    "lat": 35.3333,
    "lng": 136.8667,
    "country": "Japan",
    "iso2": "JP",
    "admin_name": "Aichi",
    "capital": "",
    "population": 97435,
    "population_proper": 97435
  },
  {
    "city": "Iida",
    "lat": 35.5147,
    "lng": 137.8219,
    "country": "Japan",
    "iso2": "JP",
    "admin_name": "Nagano",
    "capital": "",
    "population": 96642,
    "population_proper": 96642
  },
  {
    "city": "Kamisu",
    "lat": 35.89,
    "lng": 140.6647,
    "country": "Japan",
    "iso2": "JP",
    "admin_name": "Ibaraki",
    "capital": "",
    "population": 95471,
    "population_proper": 95471
  },
  {
    "city": "Kanuma",
    "lat": 36.5672,
    "lng": 139.745,
    "country": "Japan",
    "iso2": "JP",
    "admin_name": "Tochigi",
    "capital": "",
    "population": 94591,
    "population_proper": 94591
  },
  {
    "city": "Azumino",
    "lat": 36.3039,
    "lng": 137.9056,
    "country": "Japan",
    "iso2": "JP",
    "admin_name": "Nagano",
    "capital": "",
    "population": 93927,
    "population_proper": 93927
  },
  {
    "city": "Yashio",
    "lat": 35.8228,
    "lng": 139.8392,
    "country": "Japan",
    "iso2": "JP",
    "admin_name": "Saitama",
    "capital": "",
    "population": 93283,
    "population_proper": 93283
  },
  {
    "city": "Yotsukaido",
    "lat": 35.67,
    "lng": 140.1683,
    "country": "Japan",
    "iso2": "JP",
    "admin_name": "Chiba",
    "capital": "",
    "population": 93233,
    "population_proper": 93233
  },
  {
    "city": "Nisshin",
    "lat": 35.1333,
    "lng": 137.0333,
    "country": "Japan",
    "iso2": "JP",
    "admin_name": "Aichi",
    "capital": "",
    "population": 92823,
    "population_proper": 92823
  },
  {
    "city": "Hanamaki Onsen",
    "lat": 39.3886,
    "lng": 141.1167,
    "country": "Japan",
    "iso2": "JP",
    "admin_name": "Iwate",
    "capital": "",
    "population": 92815,
    "population_proper": 92815
  },
  {
    "city": "Obu",
    "lat": 35.0167,
    "lng": 136.9667,
    "country": "Japan",
    "iso2": "JP",
    "admin_name": "Aichi",
    "capital": "",
    "population": 92562,
    "population_proper": 92562
  },
  {
    "city": "Higashi-Matsuyama",
    "lat": 36.0422,
    "lng": 139.4,
    "country": "Japan",
    "iso2": "JP",
    "admin_name": "Saitama",
    "capital": "",
    "population": 92440,
    "population_proper": 92440
  },
  {
    "city": "Kitakami",
    "lat": 39.2867,
    "lng": 141.1131,
    "country": "Japan",
    "iso2": "JP",
    "admin_name": "Iwate",
    "capital": "",
    "population": 92348,
    "population_proper": 92348
  },
  {
    "city": "Imizucho",
    "lat": 36.7125,
    "lng": 137.0994,
    "country": "Japan",
    "iso2": "JP",
    "admin_name": "Toyama",
    "capital": "",
    "population": 90201,
    "population_proper": 90201
  },
  {
    "city": "Mihara",
    "lat": 34.4581,
    "lng": 133.0039,
    "country": "Japan",
    "iso2": "JP",
    "admin_name": "Hiroshima",
    "capital": "",
    "population": 89972,
    "population_proper": 89972
  },
  {
    "city": "Fukuroi",
    "lat": 34.7503,
    "lng": 137.925,
    "country": "Japan",
    "iso2": "JP",
    "admin_name": "Shizuoka",
    "capital": "",
    "population": 86851,
    "population_proper": 86851
  },
  {
    "city": "Mobara",
    "lat": 35.4283,
    "lng": 140.2881,
    "country": "Japan",
    "iso2": "JP",
    "admin_name": "Chiba",
    "capital": "",
    "population": 86446,
    "population_proper": 86446
  },
  {
    "city": "Gotenba",
    "lat": 35.3086,
    "lng": 138.935,
    "country": "Japan",
    "iso2": "JP",
    "admin_name": "Shizuoka",
    "capital": "",
    "population": 86334,
    "population_proper": 86334
  },
  {
    "city": "Kitanagoya",
    "lat": 35.25,
    "lng": 136.8667,
    "country": "Japan",
    "iso2": "JP",
    "admin_name": "Aichi",
    "capital": "",
    "population": 86060,
    "population_proper": 86060
  },
  {
    "city": "Sekimachi",
    "lat": 35.4958,
    "lng": 136.9178,
    "country": "Japan",
    "iso2": "JP",
    "admin_name": "Gifu",
    "capital": "",
    "population": 85636,
    "population_proper": 85636
  },
  {
    "city": "Yokotemachi",
    "lat": 39.3106,
    "lng": 140.5533,
    "country": "Japan",
    "iso2": "JP",
    "admin_name": "Akita",
    "capital": "",
    "population": 84556,
    "population_proper": 84556
  },
  {
    "city": "Ushiku",
    "lat": 35.9833,
    "lng": 140.15,
    "country": "Japan",
    "iso2": "JP",
    "admin_name": "Ibaraki",
    "capital": "",
    "population": 84505,
    "population_proper": 84505
  },
  {
    "city": "Higashiyamato",
    "lat": 35.7456,
    "lng": 139.4267,
    "country": "Japan",
    "iso2": "JP",
    "admin_name": "Tokyo",
    "capital": "",
    "population": 84260,
    "population_proper": 84260
  },
  {
    "city": "Kitakoriyamacho",
    "lat": 34.6494,
    "lng": 135.7828,
    "country": "Japan",
    "iso2": "JP",
    "admin_name": "Nara",
    "capital": "",
    "population": 84007,
    "population_proper": 84007
  },
  {
    "city": "Chita",
    "lat": 35,
    "lng": 136.8667,
    "country": "Japan",
    "iso2": "JP",
    "admin_name": "Aichi",
    "capital": "",
    "population": 83881,
    "population_proper": 83881
  },
  {
    "city": "Moriyama",
    "lat": 35.0589,
    "lng": 135.9944,
    "country": "Japan",
    "iso2": "JP",
    "admin_name": "Shiga",
    "capital": "",
    "population": 83567,
    "population_proper": 83567
  },
  {
    "city": "Nakatsu",
    "lat": 33.5983,
    "lng": 131.1883,
    "country": "Japan",
    "iso2": "JP",
    "admin_name": "Fukuoka",
    "capital": "",
    "population": 82714,
    "population_proper": 82714
  },
  {
    "city": "Owariasahi",
    "lat": 35.2167,
    "lng": 137.0333,
    "country": "Japan",
    "iso2": "JP",
    "admin_name": "Aichi",
    "capital": "",
    "population": 82336,
    "population_proper": 82336
  },
  {
    "city": "Kaneyama",
    "lat": 31.3833,
    "lng": 130.85,
    "country": "Japan",
    "iso2": "JP",
    "admin_name": "Kagoshima",
    "capital": "",
    "population": 82335,
    "population_proper": 54692
  },
  {
    "city": "Muroran",
    "lat": 42.3172,
    "lng": 140.9881,
    "country": "Japan",
    "iso2": "JP",
    "admin_name": "Hokkaido",
    "capital": "",
    "population": 81580,
    "population_proper": 81580
  },
  {
    "city": "Omihachiman",
    "lat": 35.1283,
    "lng": 136.0981,
    "country": "Japan",
    "iso2": "JP",
    "admin_name": "Shiga",
    "capital": "",
    "population": 81545,
    "population_proper": 81545
  },
  {
    "city": "Kimitsu",
    "lat": 35.3306,
    "lng": 139.9025,
    "country": "Japan",
    "iso2": "JP",
    "admin_name": "Chiba",
    "capital": "",
    "population": 81355,
    "population_proper": 81355
  },
  {
    "city": "Nagaoka",
    "lat": 34.9267,
    "lng": 135.6956,
    "country": "Japan",
    "iso2": "JP",
    "admin_name": "Kyoto",
    "capital": "",
    "population": 80423,
    "population_proper": 80423
  },
  {
    "city": "Akiruno",
    "lat": 35.7289,
    "lng": 139.2942,
    "country": "Japan",
    "iso2": "JP",
    "admin_name": "Tokyo",
    "capital": "",
    "population": 79600,
    "population_proper": 79600
  },
  {
    "city": "Iwamizawa",
    "lat": 43.1961,
    "lng": 141.7758,
    "country": "Japan",
    "iso2": "JP",
    "admin_name": "Hokkaido",
    "capital": "",
    "population": 79361,
    "population_proper": 79361
  },
  {
    "city": "Natori-shi",
    "lat": 38.1717,
    "lng": 140.8919,
    "country": "Japan",
    "iso2": "JP",
    "admin_name": "Miyagi",
    "capital": "",
    "population": 79250,
    "population_proper": 79250
  },
  {
    "city": "Hanno",
    "lat": 35.8558,
    "lng": 139.3278,
    "country": "Japan",
    "iso2": "JP",
    "admin_name": "Saitama",
    "capital": "",
    "population": 79169,
    "population_proper": 79169
  },
  {
    "city": "Maizuru",
    "lat": 35.45,
    "lng": 135.3333,
    "country": "Japan",
    "iso2": "JP",
    "admin_name": "Kyoto",
    "capital": "",
    "population": 78730,
    "population_proper": 78730
  },
  {
    "city": "Mooka",
    "lat": 36.4333,
    "lng": 140.0167,
    "country": "Japan",
    "iso2": "JP",
    "admin_name": "Tochigi",
    "capital": "",
    "population": 78665,
    "population_proper": 78665
  },
  {
    "city": "Gyoda",
    "lat": 36.1389,
    "lng": 139.4558,
    "country": "Japan",
    "iso2": "JP",
    "admin_name": "Saitama",
    "capital": "",
    "population": 78488,
    "population_proper": 78488
  },
  {
    "city": "Nikko",
    "lat": 36.7198,
    "lng": 139.6982,
    "country": "Japan",
    "iso2": "JP",
    "admin_name": "Tochigi",
    "capital": "",
    "population": 77027,
    "population_proper": 77027
  },
  {
    "city": "Daisen",
    "lat": 39.4531,
    "lng": 140.4756,
    "country": "Japan",
    "iso2": "JP",
    "admin_name": "Akita",
    "capital": "",
    "population": 76164,
    "population_proper": 76164
  },
  {
    "city": "Ry큰gasaki",
    "lat": 35.9167,
    "lng": 140.1833,
    "country": "Japan",
    "iso2": "JP",
    "admin_name": "Ibaraki",
    "capital": "",
    "population": 76055,
    "population_proper": 76055
  },
  {
    "city": "Fukuchiyama",
    "lat": 35.2967,
    "lng": 135.1264,
    "country": "Japan",
    "iso2": "JP",
    "admin_name": "Kyoto",
    "capital": "",
    "population": 75924,
    "population_proper": 75924
  },
  {
    "city": "Nakatsugawa",
    "lat": 35.4875,
    "lng": 137.5006,
    "country": "Japan",
    "iso2": "JP",
    "admin_name": "Gifu",
    "capital": "",
    "population": 75500,
    "population_proper": 75500
  },
  {
    "city": "Kunitachi",
    "lat": 35.6839,
    "lng": 139.4414,
    "country": "Japan",
    "iso2": "JP",
    "admin_name": "Tokyo",
    "capital": "",
    "population": 75133,
    "population_proper": 75133
  },
  {
    "city": "Tatebayashi",
    "lat": 36.245,
    "lng": 139.5422,
    "country": "Japan",
    "iso2": "JP",
    "admin_name": "Gunma",
    "capital": "",
    "population": 73991,
    "population_proper": 73991
  },
  {
    "city": "Tatsunocho-tominaga",
    "lat": 34.8581,
    "lng": 134.5456,
    "country": "Japan",
    "iso2": "JP",
    "admin_name": "Hyogo",
    "capital": "",
    "population": 73952,
    "population_proper": 73952
  },
  {
    "city": "Yurihonjo",
    "lat": 39.3858,
    "lng": 140.0489,
    "country": "Japan",
    "iso2": "JP",
    "admin_name": "Akita",
    "capital": "",
    "population": 73840,
    "population_proper": 73840
  },
  {
    "city": "Kasama",
    "lat": 36.345,
    "lng": 140.3042,
    "country": "Japan",
    "iso2": "JP",
    "admin_name": "Ibaraki",
    "capital": "",
    "population": 73521,
    "population_proper": 73521
  },
  {
    "city": "Shibukawa",
    "lat": 36.4833,
    "lng": 139,
    "country": "Japan",
    "iso2": "JP",
    "admin_name": "Gunma",
    "capital": "",
    "population": 73064,
    "population_proper": 73064
  },
  {
    "city": "Otawara",
    "lat": 36.8667,
    "lng": 140.0167,
    "country": "Japan",
    "iso2": "JP",
    "admin_name": "Tochigi",
    "capital": "",
    "population": 72923,
    "population_proper": 72923
  },
  {
    "city": "Hekinan",
    "lat": 34.8833,
    "lng": 137,
    "country": "Japan",
    "iso2": "JP",
    "admin_name": "Aichi",
    "capital": "",
    "population": 72480,
    "population_proper": 72480
  },
  {
    "city": "Yoshikawa",
    "lat": 35.8958,
    "lng": 139.8556,
    "country": "Japan",
    "iso2": "JP",
    "admin_name": "Saitama",
    "capital": "",
    "population": 72139,
    "population_proper": 72139
  },
  {
    "city": "Chiry큰",
    "lat": 35,
    "lng": 137.1167,
    "country": "Japan",
    "iso2": "JP",
    "admin_name": "Aichi",
    "capital": "",
    "population": 71907,
    "population_proper": 71907
  },
  {
    "city": "Ishioka",
    "lat": 36.1833,
    "lng": 140.2833,
    "country": "Japan",
    "iso2": "JP",
    "admin_name": "Ibaraki",
    "capital": "",
    "population": 71851,
    "population_proper": 71851
  },
  {
    "city": "Musashimurayama",
    "lat": 35.7547,
    "lng": 139.3875,
    "country": "Japan",
    "iso2": "JP",
    "admin_name": "Tokyo",
    "capital": "",
    "population": 71183,
    "population_proper": 71183
  },
  {
    "city": "Yawata-shimizui",
    "lat": 34.8756,
    "lng": 135.7078,
    "country": "Japan",
    "iso2": "JP",
    "admin_name": "Kyoto",
    "capital": "",
    "population": 70373,
    "population_proper": 70373
  },
  {
    "city": "Tsurugashima",
    "lat": 35.9344,
    "lng": 139.3931,
    "country": "Japan",
    "iso2": "JP",
    "admin_name": "Saitama",
    "capital": "",
    "population": 70067,
    "population_proper": 70067
  },
  {
    "city": "Uwajima",
    "lat": 33.2233,
    "lng": 132.5606,
    "country": "Japan",
    "iso2": "JP",
    "admin_name": "Ehime",
    "capital": "",
    "population": 69639,
    "population_proper": 69639
  },
  {
    "city": "Ritto",
    "lat": 35.0217,
    "lng": 135.9981,
    "country": "Japan",
    "iso2": "JP",
    "admin_name": "Shiga",
    "capital": "",
    "population": 69598,
    "population_proper": 69598
  },
  {
    "city": "Toyoake",
    "lat": 35.0625,
    "lng": 137.0089,
    "country": "Japan",
    "iso2": "JP",
    "admin_name": "Aichi",
    "capital": "",
    "population": 69389,
    "population_proper": 69389
  },
  {
    "city": "Kashima",
    "lat": 35.9658,
    "lng": 140.645,
    "country": "Japan",
    "iso2": "JP",
    "admin_name": "Ibaraki",
    "capital": "",
    "population": 67001,
    "population_proper": 67001
  },
  {
    "city": "Saiki",
    "lat": 32.9603,
    "lng": 131.8994,
    "country": "Japan",
    "iso2": "JP",
    "admin_name": "Oita",
    "capital": "",
    "population": 66497,
    "population_proper": 66497
  },
  {
    "city": "Yachimata",
    "lat": 35.6658,
    "lng": 140.3183,
    "country": "Japan",
    "iso2": "JP",
    "admin_name": "Chiba",
    "capital": "",
    "population": 66430,
    "population_proper": 66430
  },
  {
    "city": "Hashima",
    "lat": 35.3167,
    "lng": 136.7,
    "country": "Japan",
    "iso2": "JP",
    "admin_name": "Gifu",
    "capital": "",
    "population": 66312,
    "population_proper": 66312
  },
  {
    "city": "Ina",
    "lat": 35.8275,
    "lng": 137.9539,
    "country": "Japan",
    "iso2": "JP",
    "admin_name": "Nagano",
    "capital": "",
    "population": 65670,
    "population_proper": 65670
  },
  {
    "city": "Kitamoto",
    "lat": 36.0269,
    "lng": 139.53,
    "country": "Japan",
    "iso2": "JP",
    "admin_name": "Saitama",
    "capital": "",
    "population": 65191,
    "population_proper": 65191
  },
  {
    "city": "Tomigusuku",
    "lat": 26.1772,
    "lng": 127.6811,
    "country": "Japan",
    "iso2": "JP",
    "admin_name": "Okinawa",
    "capital": "",
    "population": 64850,
    "population_proper": 64850
  },
  {
    "city": "Kurihara",
    "lat": 38.7303,
    "lng": 141.0214,
    "country": "Japan",
    "iso2": "JP",
    "admin_name": "Miyagi",
    "capital": "",
    "population": 63689,
    "population_proper": 63689
  },
  {
    "city": "Asahi",
    "lat": 35.7203,
    "lng": 140.6467,
    "country": "Japan",
    "iso2": "JP",
    "admin_name": "Chiba",
    "capital": "",
    "population": 63507,
    "population_proper": 63507
  },
  {
    "city": "Nago",
    "lat": 26.5917,
    "lng": 127.9775,
    "country": "Japan",
    "iso2": "JP",
    "admin_name": "Okinawa",
    "capital": "",
    "population": 63060,
    "population_proper": 63060
  },
  {
    "city": "Tendo",
    "lat": 38.3622,
    "lng": 140.3783,
    "country": "Japan",
    "iso2": "JP",
    "admin_name": "Yamagata",
    "capital": "",
    "population": 61981,
    "population_proper": 61981
  },
  {
    "city": "Tago",
    "lat": 38.2939,
    "lng": 141.0044,
    "country": "Japan",
    "iso2": "JP",
    "admin_name": "Miyagi",
    "capital": "",
    "population": 61937,
    "population_proper": 61937
  },
  {
    "city": "Shiroi",
    "lat": 35.7917,
    "lng": 140.0564,
    "country": "Japan",
    "iso2": "JP",
    "admin_name": "Chiba",
    "capital": "",
    "population": 61673,
    "population_proper": 61673
  },
  {
    "city": "Hasuda",
    "lat": 35.9942,
    "lng": 139.6622,
    "country": "Japan",
    "iso2": "JP",
    "admin_name": "Saitama",
    "capital": "",
    "population": 61473,
    "population_proper": 61473
  },
  {
    "city": "Hatogaya-honcho",
    "lat": 35.8267,
    "lng": 139.7412,
    "country": "Japan",
    "iso2": "JP",
    "admin_name": "Saitama",
    "capital": "",
    "population": 61379,
    "population_proper": 61379
  },
  {
    "city": "Aisai",
    "lat": 35.15,
    "lng": 136.7333,
    "country": "Japan",
    "iso2": "JP",
    "admin_name": "Aichi",
    "capital": "",
    "population": 60914,
    "population_proper": 60914
  },
  {
    "city": "Tsushima",
    "lat": 35.1833,
    "lng": 136.7333,
    "country": "Japan",
    "iso2": "JP",
    "admin_name": "Aichi",
    "capital": "",
    "population": 60908,
    "population_proper": 60908
  },
  {
    "city": "Itoman",
    "lat": 26.1181,
    "lng": 127.6872,
    "country": "Japan",
    "iso2": "JP",
    "admin_name": "Okinawa",
    "capital": "",
    "population": 60903,
    "population_proper": 60903
  },
  {
    "city": "Shimotsuke",
    "lat": 36.3872,
    "lng": 139.8422,
    "country": "Japan",
    "iso2": "JP",
    "admin_name": "Tochigi",
    "capital": "",
    "population": 59404,
    "population_proper": 59404
  },
  {
    "city": "Koga",
    "lat": 33.7333,
    "lng": 130.4667,
    "country": "Japan",
    "iso2": "JP",
    "admin_name": "Fukuoka",
    "capital": "",
    "population": 59349,
    "population_proper": 59349
  },
  {
    "city": "Joso",
    "lat": 36.0167,
    "lng": 139.9833,
    "country": "Japan",
    "iso2": "JP",
    "admin_name": "Ibaraki",
    "capital": "",
    "population": 59223,
    "population_proper": 59223
  },
  {
    "city": "Chichibu",
    "lat": 35.9917,
    "lng": 139.0856,
    "country": "Japan",
    "iso2": "JP",
    "admin_name": "Saitama",
    "capital": "",
    "population": 59101,
    "population_proper": 59101
  },
  {
    "city": "Tahara",
    "lat": 34.6414,
    "lng": 137.1831,
    "country": "Japan",
    "iso2": "JP",
    "admin_name": "Aichi",
    "capital": "",
    "population": 59015,
    "population_proper": 59015
  },
  {
    "city": "Koja",
    "lat": 26.3344,
    "lng": 127.8057,
    "country": "Japan",
    "iso2": "JP",
    "admin_name": "Okinawa",
    "capital": "",
    "population": 58658,
    "population_proper": 58658
  },
  {
    "city": "Ishikari",
    "lat": 43.1783,
    "lng": 141.3067,
    "country": "Japan",
    "iso2": "JP",
    "admin_name": "Hokkaido",
    "capital": "",
    "population": 58284,
    "population_proper": 58284
  },
  {
    "city": "Kosai",
    "lat": 34.7186,
    "lng": 137.5317,
    "country": "Japan",
    "iso2": "JP",
    "admin_name": "Shizuoka",
    "capital": "",
    "population": 57682,
    "population_proper": 57682
  },
  {
    "city": "Togane",
    "lat": 35.56,
    "lng": 140.3661,
    "country": "Japan",
    "iso2": "JP",
    "admin_name": "Chiba",
    "capital": "",
    "population": 57560,
    "population_proper": 57560
  },
  {
    "city": "Tokoname",
    "lat": 34.8833,
    "lng": 136.8333,
    "country": "Japan",
    "iso2": "JP",
    "admin_name": "Aichi",
    "capital": "",
    "population": 57507,
    "population_proper": 57507
  },
  {
    "city": "Minokamo",
    "lat": 35.4333,
    "lng": 137.0167,
    "country": "Japan",
    "iso2": "JP",
    "admin_name": "Gifu",
    "capital": "",
    "population": 57007,
    "population_proper": 57007
  },
  {
    "city": "Zushi",
    "lat": 35.2948,
    "lng": 139.5781,
    "country": "Japan",
    "iso2": "JP",
    "admin_name": "Kanagawa",
    "capital": "",
    "population": 56996,
    "population_proper": 56996
  },
  {
    "city": "Fussa",
    "lat": 35.7386,
    "lng": 139.3267,
    "country": "Japan",
    "iso2": "JP",
    "admin_name": "Tokyo",
    "capital": "",
    "population": 56713,
    "population_proper": 56713
  },
  {
    "city": "Kudamatsu",
    "lat": 34.015,
    "lng": 131.8703,
    "country": "Japan",
    "iso2": "JP",
    "admin_name": "Yamaguchi",
    "capital": "",
    "population": 56661,
    "population_proper": 56661
  },
  {
    "city": "Tama",
    "lat": 34.4919,
    "lng": 133.9458,
    "country": "Japan",
    "iso2": "JP",
    "admin_name": "Okayama",
    "capital": "",
    "population": 56431,
    "population_proper": 56431
  },
  {
    "city": "Mukocho",
    "lat": 34.9486,
    "lng": 135.6983,
    "country": "Japan",
    "iso2": "JP",
    "admin_name": "Kyoto",
    "capital": "",
    "population": 56152,
    "population_proper": 56152
  },
  {
    "city": "Nogata",
    "lat": 33.7439,
    "lng": 130.7297,
    "country": "Japan",
    "iso2": "JP",
    "admin_name": "Fukuoka",
    "capital": "",
    "population": 55705,
    "population_proper": 55705
  },
  {
    "city": "Toki",
    "lat": 35.3525,
    "lng": 137.1833,
    "country": "Japan",
    "iso2": "JP",
    "admin_name": "Gifu",
    "capital": "",
    "population": 55388,
    "population_proper": 55388
  },
  {
    "city": "Chino",
    "lat": 35.9956,
    "lng": 138.1589,
    "country": "Japan",
    "iso2": "JP",
    "admin_name": "Nagano",
    "capital": "",
    "population": 55018,
    "population_proper": 55018
  },
  {
    "city": "Hidaka",
    "lat": 35.9078,
    "lng": 139.3392,
    "country": "Japan",
    "iso2": "JP",
    "admin_name": "Saitama",
    "capital": "",
    "population": 54728,
    "population_proper": 54728
  },
  {
    "city": "Annaka",
    "lat": 36.3264,
    "lng": 138.8872,
    "country": "Japan",
    "iso2": "JP",
    "admin_name": "Gunma",
    "capital": "",
    "population": 54602,
    "population_proper": 54602
  },
  {
    "city": "Sakurai",
    "lat": 34.5189,
    "lng": 135.8519,
    "country": "Japan",
    "iso2": "JP",
    "admin_name": "Nara",
    "capital": "",
    "population": 54346,
    "population_proper": 54346
  },
  {
    "city": "Hamura",
    "lat": 35.7672,
    "lng": 139.3111,
    "country": "Japan",
    "iso2": "JP",
    "admin_name": "Tokyo",
    "capital": "",
    "population": 53970,
    "population_proper": 53970
  },
  {
    "city": "Funato",
    "lat": 34.2564,
    "lng": 135.3111,
    "country": "Japan",
    "iso2": "JP",
    "admin_name": "Wakayama",
    "capital": "",
    "population": 53714,
    "population_proper": 53714
  },
  {
    "city": "Minami-Soma",
    "lat": 37.6422,
    "lng": 140.9572,
    "country": "Japan",
    "iso2": "JP",
    "admin_name": "Fukushima",
    "capital": "",
    "population": 52619,
    "population_proper": 52619
  },
  {
    "city": "Shiraoka",
    "lat": 36.0189,
    "lng": 139.6769,
    "country": "Japan",
    "iso2": "JP",
    "admin_name": "Saitama",
    "capital": "",
    "population": 52103,
    "population_proper": 52103
  },
  {
    "city": "Tomiya",
    "lat": 38.4,
    "lng": 140.8953,
    "country": "Japan",
    "iso2": "JP",
    "admin_name": "Miyagi",
    "capital": "",
    "population": 51859,
    "population_proper": 51859
  },
  {
    "city": "Bando",
    "lat": 36.0483,
    "lng": 139.8889,
    "country": "Japan",
    "iso2": "JP",
    "admin_name": "Ibaraki",
    "capital": "",
    "population": 51511,
    "population_proper": 51511
  },
  {
    "city": "Tsukubamirai",
    "lat": 35.9631,
    "lng": 140.0372,
    "country": "Japan",
    "iso2": "JP",
    "admin_name": "Ibaraki",
    "capital": "",
    "population": 51134,
    "population_proper": 51134
  },
  {
    "city": "Sakaidecho",
    "lat": 34.3164,
    "lng": 133.8606,
    "country": "Japan",
    "iso2": "JP",
    "admin_name": "Kagawa",
    "capital": "",
    "population": 50577,
    "population_proper": 50577
  },
  {
    "city": "Arao",
    "lat": 32.9867,
    "lng": 130.4333,
    "country": "Japan",
    "iso2": "JP",
    "admin_name": "Kumamoto",
    "capital": "",
    "population": 50570,
    "population_proper": 50570
  },
  {
    "city": "Y큰ki",
    "lat": 36.3,
    "lng": 139.8833,
    "country": "Japan",
    "iso2": "JP",
    "admin_name": "Ibaraki",
    "capital": "",
    "population": 50218,
    "population_proper": 50218
  },
  {
    "city": "Yasu",
    "lat": 35.0675,
    "lng": 136.0258,
    "country": "Japan",
    "iso2": "JP",
    "admin_name": "Shiga",
    "capital": "",
    "population": 50049,
    "population_proper": 50049
  },
  {
    "city": "Miyoshi",
    "lat": 34.8058,
    "lng": 132.8517,
    "country": "Japan",
    "iso2": "JP",
    "admin_name": "Hiroshima",
    "capital": "",
    "population": 50046,
    "population_proper": 50046
  },
  {
    "city": "Satte",
    "lat": 36.0781,
    "lng": 139.7258,
    "country": "Japan",
    "iso2": "JP",
    "admin_name": "Saitama",
    "capital": "",
    "population": 49961,
    "population_proper": 49961
  },
  {
    "city": "Nichinan",
    "lat": 31.6019,
    "lng": 131.3789,
    "country": "Japan",
    "iso2": "JP",
    "admin_name": "Miyazaki",
    "capital": "",
    "population": 49899,
    "population_proper": 49899
  },
  {
    "city": "Tokamachi",
    "lat": 37.1275,
    "lng": 138.7557,
    "country": "Japan",
    "iso2": "JP",
    "admin_name": "Niigata",
    "capital": "",
    "population": 49472,
    "population_proper": 49472
  },
  {
    "city": "Tomisato",
    "lat": 35.7267,
    "lng": 140.3431,
    "country": "Japan",
    "iso2": "JP",
    "admin_name": "Chiba",
    "capital": "",
    "population": 49470,
    "population_proper": 49470
  },
  {
    "city": "Suzaka",
    "lat": 36.6511,
    "lng": 138.3069,
    "country": "Japan",
    "iso2": "JP",
    "admin_name": "Nagano",
    "capital": "",
    "population": 49393,
    "population_proper": 49393
  },
  {
    "city": "Hikari",
    "lat": 33.9617,
    "lng": 131.9422,
    "country": "Japan",
    "iso2": "JP",
    "admin_name": "Yamaguchi",
    "capital": "",
    "population": 49013,
    "population_proper": 49013
  },
  {
    "city": "Nomimachi",
    "lat": 36.4375,
    "lng": 136.4961,
    "country": "Japan",
    "iso2": "JP",
    "admin_name": "Ishikawa",
    "capital": "",
    "population": 48860,
    "population_proper": 48860
  },
  {
    "city": "Takahama",
    "lat": 34.9276,
    "lng": 136.9877,
    "country": "Japan",
    "iso2": "JP",
    "admin_name": "Aichi",
    "capital": "",
    "population": 48685,
    "population_proper": 48685
  },
  {
    "city": "Omitama",
    "lat": 36.2394,
    "lng": 140.3525,
    "country": "Japan",
    "iso2": "JP",
    "admin_name": "Ibaraki",
    "capital": "",
    "population": 48555,
    "population_proper": 48555
  },
  {
    "city": "Suzukawa",
    "lat": 35.3731,
    "lng": 139.3842,
    "country": "Japan",
    "iso2": "JP",
    "admin_name": "Kanagawa",
    "capital": "",
    "population": 48532,
    "population_proper": 48532
  },
  {
    "city": "Suwa",
    "lat": 36.0392,
    "lng": 138.1142,
    "country": "Japan",
    "iso2": "JP",
    "admin_name": "Nagano",
    "capital": "",
    "population": 48309,
    "population_proper": 48309
  },
  {
    "city": "Ishigaki",
    "lat": 24.3333,
    "lng": 124.15,
    "country": "Japan",
    "iso2": "JP",
    "admin_name": "Okinawa",
    "capital": "",
    "population": 48258,
    "population_proper": 48258
  },
  {
    "city": "Sanmu",
    "lat": 35.6028,
    "lng": 140.4136,
    "country": "Japan",
    "iso2": "JP",
    "admin_name": "Chiba",
    "capital": "",
    "population": 48196,
    "population_proper": 48196
  },
  {
    "city": "Ami",
    "lat": 36.0308,
    "lng": 140.215,
    "country": "Japan",
    "iso2": "JP",
    "admin_name": "Ibaraki",
    "capital": "",
    "population": 48072,
    "population_proper": 48072
  },
  {
    "city": "Ena",
    "lat": 35.4494,
    "lng": 137.4128,
    "country": "Japan",
    "iso2": "JP",
    "admin_name": "Gifu",
    "capital": "",
    "population": 47999,
    "population_proper": 47999
  },
  {
    "city": "Iwakura",
    "lat": 35.2833,
    "lng": 136.8667,
    "country": "Japan",
    "iso2": "JP",
    "admin_name": "Aichi",
    "capital": "",
    "population": 47975,
    "population_proper": 47975
  },
  {
    "city": "Higashine",
    "lat": 38.4314,
    "lng": 140.3911,
    "country": "Japan",
    "iso2": "JP",
    "admin_name": "Yamagata",
    "capital": "",
    "population": 47747,
    "population_proper": 47747
  },
  {
    "city": "Shimotsucho-kominami",
    "lat": 34.1556,
    "lng": 135.2092,
    "country": "Japan",
    "iso2": "JP",
    "admin_name": "Wakayama",
    "capital": "",
    "population": 47697,
    "population_proper": 47697
  },
  {
    "city": "Tonami",
    "lat": 36.65,
    "lng": 136.9667,
    "country": "Japan",
    "iso2": "JP",
    "admin_name": "Toyama",
    "capital": "",
    "population": 47638,
    "population_proper": 47638
  },
  {
    "city": "Hitachi-ota",
    "lat": 36.5383,
    "lng": 140.5311,
    "country": "Japan",
    "iso2": "JP",
    "admin_name": "Ibaraki",
    "capital": "",
    "population": 47586,
    "population_proper": 47586
  },
  {
    "city": "Tomioka",
    "lat": 36.26,
    "lng": 138.89,
    "country": "Japan",
    "iso2": "JP",
    "admin_name": "Gunma",
    "capital": "",
    "population": 46928,
    "population_proper": 46928
  },
  {
    "city": "Noboribetsu",
    "lat": 42.4128,
    "lng": 141.1067,
    "country": "Japan",
    "iso2": "JP",
    "admin_name": "Hokkaido",
    "capital": "",
    "population": 46838,
    "population_proper": 46838
  },
  {
    "city": "Nakai",
    "lat": 33.5756,
    "lng": 133.6414,
    "country": "Japan",
    "iso2": "JP",
    "admin_name": "Kochi",
    "capital": "",
    "population": 46567,
    "population_proper": 46567
  },
  {
    "city": "Kurayoshi",
    "lat": 35.43,
    "lng": 133.8256,
    "country": "Japan",
    "iso2": "JP",
    "admin_name": "Tottori",
    "capital": "",
    "population": 46269,
    "population_proper": 46269
  },
  {
    "city": "Takashima",
    "lat": 35.3528,
    "lng": 136.0356,
    "country": "Japan",
    "iso2": "JP",
    "admin_name": "Shiga",
    "capital": "",
    "population": 46246,
    "population_proper": 46246
  },
  {
    "city": "Shimeo",
    "lat": 33.5914,
    "lng": 130.4797,
    "country": "Japan",
    "iso2": "JP",
    "admin_name": "Fukuoka",
    "capital": "",
    "population": 46207,
    "population_proper": 46207
  },
  {
    "city": "Kasaoka",
    "lat": 34.5072,
    "lng": 133.5072,
    "country": "Japan",
    "iso2": "JP",
    "admin_name": "Okayama",
    "capital": "",
    "population": 46080,
    "population_proper": 46080
  },
  {
    "city": "Tamagawa",
    "lat": 33.6317,
    "lng": 130.7997,
    "country": "Japan",
    "iso2": "JP",
    "admin_name": "Fukuoka",
    "capital": "",
    "population": 45946,
    "population_proper": 45946
  },
  {
    "city": "Hokota",
    "lat": 36.1586,
    "lng": 140.5164,
    "country": "Japan",
    "iso2": "JP",
    "admin_name": "Ibaraki",
    "capital": "",
    "population": 45910,
    "population_proper": 45910
  },
  {
    "city": "Shima",
    "lat": 34.3283,
    "lng": 136.8306,
    "country": "Japan",
    "iso2": "JP",
    "admin_name": "Mie",
    "capital": "",
    "population": 45834,
    "population_proper": 45834
  },
  {
    "city": "Hokuto",
    "lat": 41.8242,
    "lng": 140.6528,
    "country": "Japan",
    "iso2": "JP",
    "admin_name": "Hokkaido",
    "capital": "",
    "population": 45661,
    "population_proper": 45661
  },
  {
    "city": "Kariya",
    "lat": 34.755,
    "lng": 134.3903,
    "country": "Japan",
    "iso2": "JP",
    "admin_name": "Hyogo",
    "capital": "",
    "population": 45473,
    "population_proper": 45473
  },
  {
    "city": "Inuma",
    "lat": 36,
    "lng": 139.6239,
    "country": "Japan",
    "iso2": "JP",
    "admin_name": "Saitama",
    "capital": "",
    "population": 45065,
    "population_proper": 45065
  },
  {
    "city": "Masuda",
    "lat": 34.675,
    "lng": 131.8428,
    "country": "Japan",
    "iso2": "JP",
    "admin_name": "Shimane",
    "capital": "",
    "population": 44474,
    "population_proper": 44474
  },
  {
    "city": "Hagi",
    "lat": 34.4078,
    "lng": 131.3989,
    "country": "Japan",
    "iso2": "JP",
    "admin_name": "Yamaguchi",
    "capital": "",
    "population": 44118,
    "population_proper": 44118
  },
  {
    "city": "Otofuke",
    "lat": 42.9942,
    "lng": 143.1981,
    "country": "Japan",
    "iso2": "JP",
    "admin_name": "Hokkaido",
    "capital": "",
    "population": 44049,
    "population_proper": 44049
  },
  {
    "city": "Sugito",
    "lat": 36.0256,
    "lng": 139.7367,
    "country": "Japan",
    "iso2": "JP",
    "admin_name": "Saitama",
    "capital": "",
    "population": 43755,
    "population_proper": 43755
  },
  {
    "city": "Himi",
    "lat": 36.85,
    "lng": 136.9833,
    "country": "Japan",
    "iso2": "JP",
    "admin_name": "Toyama",
    "capital": "",
    "population": 43747,
    "population_proper": 43747
  },
  {
    "city": "Shinshiro",
    "lat": 34.9,
    "lng": 137.5,
    "country": "Japan",
    "iso2": "JP",
    "admin_name": "Aichi",
    "capital": "",
    "population": 43620,
    "population_proper": 43620
  },
  {
    "city": "Kobayashi",
    "lat": 31.9967,
    "lng": 130.9728,
    "country": "Japan",
    "iso2": "JP",
    "admin_name": "Miyazaki",
    "capital": "",
    "population": 43114,
    "population_proper": 43114
  },
  {
    "city": "Taketoyo",
    "lat": 34.85,
    "lng": 136.9167,
    "country": "Japan",
    "iso2": "JP",
    "admin_name": "Aichi",
    "capital": "",
    "population": 43095,
    "population_proper": 43095
  },
  {
    "city": "Makinohara",
    "lat": 34.74,
    "lng": 138.2247,
    "country": "Japan",
    "iso2": "JP",
    "admin_name": "Shizuoka",
    "capital": "",
    "population": 43061,
    "population_proper": 43061
  },
  {
    "city": "Taniyama-ch큰o",
    "lat": 31.5211,
    "lng": 130.5176,
    "country": "Japan",
    "iso2": "JP",
    "admin_name": "Kagoshima",
    "capital": "",
    "population": 42683,
    "population_proper": 42683
  },
  {
    "city": "Futtsu",
    "lat": 35.3042,
    "lng": 139.8569,
    "country": "Japan",
    "iso2": "JP",
    "admin_name": "Chiba",
    "capital": "",
    "population": 42280,
    "population_proper": 42280
  },
  {
    "city": "Yuzawa",
    "lat": 39.1644,
    "lng": 140.4958,
    "country": "Japan",
    "iso2": "JP",
    "admin_name": "Akita",
    "capital": "",
    "population": 41601,
    "population_proper": 41601
  },
  {
    "city": "Shimotsuma",
    "lat": 36.1844,
    "lng": 139.9675,
    "country": "Japan",
    "iso2": "JP",
    "admin_name": "Ibaraki",
    "capital": "",
    "population": 41499,
    "population_proper": 41499
  },
  {
    "city": "Kitaibaraki",
    "lat": 36.8019,
    "lng": 140.7511,
    "country": "Japan",
    "iso2": "JP",
    "admin_name": "Ibaraki",
    "capital": "",
    "population": 41352,
    "population_proper": 41352
  },
  {
    "city": "Obita",
    "lat": 32.8253,
    "lng": 129.875,
    "country": "Japan",
    "iso2": "JP",
    "admin_name": "Nagasaki",
    "capital": "",
    "population": 41341,
    "population_proper": 41341
  },
  {
    "city": "Nanbei",
    "lat": 35.3206,
    "lng": 139.1,
    "country": "Japan",
    "iso2": "JP",
    "admin_name": "Kanagawa",
    "capital": "",
    "population": 41259,
    "population_proper": 41259
  },
  {
    "city": "Katsuren-haebaru",
    "lat": 26.1911,
    "lng": 127.7286,
    "country": "Japan",
    "iso2": "JP",
    "admin_name": "Okinawa",
    "capital": "",
    "population": 40541,
    "population_proper": 40541
  },
  {
    "city": "Komono",
    "lat": 35.02,
    "lng": 136.5075,
    "country": "Japan",
    "iso2": "JP",
    "admin_name": "Mie",
    "capital": "",
    "population": 40329,
    "population_proper": 40329
  },
  {
    "city": "Ozu",
    "lat": 33.5064,
    "lng": 132.5447,
    "country": "Japan",
    "iso2": "JP",
    "admin_name": "Ehime",
    "capital": "",
    "population": 40289,
    "population_proper": 40289
  },
  {
    "city": "Itoigawa",
    "lat": 37.0333,
    "lng": 137.85,
    "country": "Japan",
    "iso2": "JP",
    "admin_name": "Niigata",
    "capital": "",
    "population": 40200,
    "population_proper": 40200
  },
  {
    "city": "Kasumigaura",
    "lat": 36.1519,
    "lng": 140.2372,
    "country": "Japan",
    "iso2": "JP",
    "admin_name": "Ibaraki",
    "capital": "",
    "population": 39993,
    "population_proper": 39993
  },
  {
    "city": "Kurobeshin",
    "lat": 36.8667,
    "lng": 137.45,
    "country": "Japan",
    "iso2": "JP",
    "admin_name": "Toyama",
    "capital": "",
    "population": 39718,
    "population_proper": 39718
  },
  {
    "city": "Nakama",
    "lat": 33.8167,
    "lng": 130.709,
    "country": "Japan",
    "iso2": "JP",
    "admin_name": "Fukuoka",
    "capital": "",
    "population": 39634,
    "population_proper": 39634
  },
  {
    "city": "Takikawa",
    "lat": 43.5578,
    "lng": 141.9106,
    "country": "Japan",
    "iso2": "JP",
    "admin_name": "Hokkaido",
    "capital": "",
    "population": 39266,
    "population_proper": 39266
  },
  {
    "city": "Mibu",
    "lat": 36.4272,
    "lng": 139.8039,
    "country": "Japan",
    "iso2": "JP",
    "admin_name": "Tochigi",
    "capital": "",
    "population": 39151,
    "population_proper": 39151
  },
  {
    "city": "Omagari",
    "lat": 39.4531,
    "lng": 140.4754,
    "country": "Japan",
    "iso2": "JP",
    "admin_name": "Akita",
    "capital": "",
    "population": 39048,
    "population_proper": 39048
  },
  {
    "city": "Higashimatsushima",
    "lat": 38.4264,
    "lng": 141.2106,
    "country": "Japan",
    "iso2": "JP",
    "admin_name": "Miyagi",
    "capital": "",
    "population": 38880,
    "population_proper": 38880
  },
  {
    "city": "Inashiki",
    "lat": 35.9567,
    "lng": 140.3239,
    "country": "Japan",
    "iso2": "JP",
    "admin_name": "Ibaraki",
    "capital": "",
    "population": 38853,
    "population_proper": 38853
  },
  {
    "city": "Hitachiomiya",
    "lat": 36.5517,
    "lng": 140.4119,
    "country": "Japan",
    "iso2": "JP",
    "admin_name": "Ibaraki",
    "capital": "",
    "population": 38836,
    "population_proper": 38836
  },
  {
    "city": "Gujo",
    "lat": 35.7486,
    "lng": 136.9644,
    "country": "Japan",
    "iso2": "JP",
    "admin_name": "Gifu",
    "capital": "",
    "population": 38747,
    "population_proper": 38747
  },
  {
    "city": "Sakuragawa",
    "lat": 36.3272,
    "lng": 140.0906,
    "country": "Japan",
    "iso2": "JP",
    "admin_name": "Ibaraki",
    "capital": "",
    "population": 38677,
    "population_proper": 38677
  },
  {
    "city": "Miyoshidai",
    "lat": 35.8283,
    "lng": 139.5267,
    "country": "Japan",
    "iso2": "JP",
    "admin_name": "Saitama",
    "capital": "",
    "population": 38380,
    "population_proper": 38380
  },
  {
    "city": "Ibara",
    "lat": 34.5978,
    "lng": 133.4639,
    "country": "Japan",
    "iso2": "JP",
    "admin_name": "Okayama",
    "capital": "",
    "population": 38236,
    "population_proper": 38236
  },
  {
    "city": "Umi",
    "lat": 33.5683,
    "lng": 130.51,
    "country": "Japan",
    "iso2": "JP",
    "admin_name": "Fukuoka",
    "capital": "",
    "population": 37713,
    "population_proper": 37713
  },
  {
    "city": "Katsuragi",
    "lat": 34.4892,
    "lng": 135.7267,
    "country": "Japan",
    "iso2": "JP",
    "admin_name": "Nara",
    "capital": "",
    "population": 37225,
    "population_proper": 37225
  },
  {
    "city": "Kanie",
    "lat": 35.1322,
    "lng": 136.7869,
    "country": "Japan",
    "iso2": "JP",
    "admin_name": "Aichi",
    "capital": "",
    "population": 36782,
    "population_proper": 36782
  },
  {
    "city": "Tsubata",
    "lat": 36.67,
    "lng": 136.7403,
    "country": "Japan",
    "iso2": "JP",
    "admin_name": "Ishikawa",
    "capital": "",
    "population": 36728,
    "population_proper": 36728
  },
  {
    "city": "Kannan",
    "lat": 35.0894,
    "lng": 138.9453,
    "country": "Japan",
    "iso2": "JP",
    "admin_name": "Shizuoka",
    "capital": "",
    "population": 36607,
    "population_proper": 36607
  },
  {
    "city": "Komatsushimacho",
    "lat": 34.0047,
    "lng": 134.5906,
    "country": "Japan",
    "iso2": "JP",
    "admin_name": "Tokushima",
    "capital": "",
    "population": 36123,
    "population_proper": 36123
  },
  {
    "city": "Kanada",
    "lat": 33.7761,
    "lng": 130.9806,
    "country": "Japan",
    "iso2": "JP",
    "admin_name": "Fukuoka",
    "capital": "",
    "population": 36075,
    "population_proper": 36075
  },
  {
    "city": "Usuki",
    "lat": 33.1258,
    "lng": 131.8047,
    "country": "Japan",
    "iso2": "JP",
    "admin_name": "Oita",
    "capital": "",
    "population": 35681,
    "population_proper": 35681
  },
  {
    "city": "Miyajima",
    "lat": 33.1525,
    "lng": 130.4747,
    "country": "Japan",
    "iso2": "JP",
    "admin_name": "Kumamoto",
    "capital": "",
    "population": 35665,
    "population_proper": 35665
  },
  {
    "city": "Rifu",
    "lat": 38.3308,
    "lng": 140.9769,
    "country": "Japan",
    "iso2": "JP",
    "admin_name": "Miyagi",
    "capital": "",
    "population": 35521,
    "population_proper": 35521
  },
  {
    "city": "Minami-Boso",
    "lat": 35.0433,
    "lng": 139.8403,
    "country": "Japan",
    "iso2": "JP",
    "admin_name": "Chiba",
    "capital": "",
    "population": 35454,
    "population_proper": 35454
  },
  {
    "city": "Morohongo",
    "lat": 35.9417,
    "lng": 139.3161,
    "country": "Japan",
    "iso2": "JP",
    "admin_name": "Saitama",
    "capital": "",
    "population": 35370,
    "population_proper": 35370
  },
  {
    "city": "Kamata",
    "lat": 33.5633,
    "lng": 130.7117,
    "country": "Japan",
    "iso2": "JP",
    "admin_name": "Fukuoka",
    "capital": "",
    "population": 35208,
    "population_proper": 35208
  },
  {
    "city": "Ozu",
    "lat": 32.8789,
    "lng": 130.8683,
    "country": "Japan",
    "iso2": "JP",
    "admin_name": "Kumamoto",
    "capital": "",
    "population": 34975,
    "population_proper": 34975
  },
  {
    "city": "Kahoku",
    "lat": 36.72,
    "lng": 136.7067,
    "country": "Japan",
    "iso2": "JP",
    "admin_name": "Ishikawa",
    "capital": "",
    "population": 34936,
    "population_proper": 34936
  },
  {
    "city": "Iyo",
    "lat": 33.7575,
    "lng": 132.7039,
    "country": "Japan",
    "iso2": "JP",
    "admin_name": "Ehime",
    "capital": "",
    "population": 34927,
    "population_proper": 34927
  },
  {
    "city": "Abashiri",
    "lat": 44.0206,
    "lng": 144.2736,
    "country": "Japan",
    "iso2": "JP",
    "admin_name": "Hokkaido",
    "capital": "",
    "population": 34640,
    "population_proper": 34640
  },
  {
    "city": "Uonuma",
    "lat": 37.2333,
    "lng": 138.9667,
    "country": "Japan",
    "iso2": "JP",
    "admin_name": "Niigata",
    "capital": "",
    "population": 34112,
    "population_proper": 34112
  },
  {
    "city": "Minamishiro",
    "lat": 36.0225,
    "lng": 139.7228,
    "country": "Japan",
    "iso2": "JP",
    "admin_name": "Saitama",
    "capital": "",
    "population": 34012,
    "population_proper": 34012
  },
  {
    "city": "Shobara",
    "lat": 34.8578,
    "lng": 133.0167,
    "country": "Japan",
    "iso2": "JP",
    "admin_name": "Hiroshima",
    "capital": "",
    "population": 33409,
    "population_proper": 33409
  },
  {
    "city": "Kamaishi",
    "lat": 39.2758,
    "lng": 141.8856,
    "country": "Japan",
    "iso2": "JP",
    "admin_name": "Iwate",
    "capital": "",
    "population": 33061,
    "population_proper": 33061
  },
  {
    "city": "Wakabadai",
    "lat": 45.4,
    "lng": 141.7,
    "country": "Japan",
    "iso2": "JP",
    "admin_name": "Hokkaido",
    "capital": "",
    "population": 33036,
    "population_proper": 33036
  },
  {
    "city": "Shing큰",
    "lat": 33.7153,
    "lng": 130.4467,
    "country": "Japan",
    "iso2": "JP",
    "admin_name": "Fukuoka",
    "capital": "",
    "population": 33017,
    "population_proper": 33017
  },
  {
    "city": "Kuji",
    "lat": 40.1903,
    "lng": 141.7753,
    "country": "Japan",
    "iso2": "JP",
    "admin_name": "Iwate",
    "capital": "",
    "population": 32813,
    "population_proper": 32813
  },
  {
    "city": "Mashiki",
    "lat": 32.7914,
    "lng": 130.8164,
    "country": "Japan",
    "iso2": "JP",
    "admin_name": "Kumamoto",
    "capital": "",
    "population": 32587,
    "population_proper": 32587
  },
  {
    "city": "Sakaiminato",
    "lat": 35.5397,
    "lng": 133.2317,
    "country": "Japan",
    "iso2": "JP",
    "admin_name": "Shimane",
    "capital": "",
    "population": 32503,
    "population_proper": 32503
  },
  {
    "city": "Nagato",
    "lat": 34.3711,
    "lng": 131.1822,
    "country": "Japan",
    "iso2": "JP",
    "admin_name": "Yamaguchi",
    "capital": "",
    "population": 32183,
    "population_proper": 32183
  },
  {
    "city": "Odacho-oda",
    "lat": 35.1922,
    "lng": 132.4997,
    "country": "Japan",
    "iso2": "JP",
    "admin_name": "Shimane",
    "capital": "",
    "population": 32102,
    "population_proper": 32102
  },
  {
    "city": "Yorii",
    "lat": 36.1183,
    "lng": 139.1931,
    "country": "Japan",
    "iso2": "JP",
    "admin_name": "Saitama",
    "capital": "",
    "population": 32039,
    "population_proper": 32039
  },
  {
    "city": "Namegata",
    "lat": 35.9903,
    "lng": 140.4892,
    "country": "Japan",
    "iso2": "JP",
    "admin_name": "Ibaraki",
    "capital": "",
    "population": 31828,
    "population_proper": 31828
  },
  {
    "city": "Komagane",
    "lat": 35.7289,
    "lng": 137.9339,
    "country": "Japan",
    "iso2": "JP",
    "admin_name": "Nagano",
    "capital": "",
    "population": 31763,
    "population_proper": 31763
  },
  {
    "city": "Shimizucho",
    "lat": 35.0992,
    "lng": 138.9028,
    "country": "Japan",
    "iso2": "JP",
    "admin_name": "Shizuoka",
    "capital": "",
    "population": 31652,
    "population_proper": 31652
  },
  {
    "city": "Zentsujich처",
    "lat": 34.2283,
    "lng": 133.7872,
    "country": "Japan",
    "iso2": "JP",
    "admin_name": "Kagawa",
    "capital": "",
    "population": 31620,
    "population_proper": 31620
  },
  {
    "city": "Kuroishi",
    "lat": 40.6428,
    "lng": 140.5944,
    "country": "Japan",
    "iso2": "JP",
    "admin_name": "Aomori",
    "capital": "",
    "population": 31604,
    "population_proper": 31604
  },
  {
    "city": "Katagami",
    "lat": 39.8833,
    "lng": 139.9889,
    "country": "Japan",
    "iso2": "JP",
    "admin_name": "Akita",
    "capital": "",
    "population": 31558,
    "population_proper": 31558
  },
  {
    "city": "Ayabe",
    "lat": 35.2989,
    "lng": 135.2586,
    "country": "Japan",
    "iso2": "JP",
    "admin_name": "Kyoto",
    "capital": "",
    "population": 31537,
    "population_proper": 31537
  },
  {
    "city": "Yawatahama-shi",
    "lat": 33.4631,
    "lng": 132.4233,
    "country": "Japan",
    "iso2": "JP",
    "admin_name": "Ehime",
    "capital": "minor",
    "population": 31363,
    "population_proper": 31363
  },
  {
    "city": "Shimotoba",
    "lat": 34.8839,
    "lng": 135.6628,
    "country": "Japan",
    "iso2": "JP",
    "admin_name": "Kyoto",
    "capital": "",
    "population": 31292,
    "population_proper": 31292
  },
  {
    "city": "Yaita",
    "lat": 36.8067,
    "lng": 139.9242,
    "country": "Japan",
    "iso2": "JP",
    "admin_name": "Tochigi",
    "capital": "",
    "population": 31145,
    "population_proper": 31145
  },
  {
    "city": "Oiso",
    "lat": 35.3069,
    "lng": 139.3114,
    "country": "Japan",
    "iso2": "JP",
    "admin_name": "Kanagawa",
    "capital": "",
    "population": 31121,
    "population_proper": 31121
  },
  {
    "city": "Sasaguri",
    "lat": 33.6156,
    "lng": 130.5511,
    "country": "Japan",
    "iso2": "JP",
    "admin_name": "Fukuoka",
    "capital": "",
    "population": 31092,
    "population_proper": 31092
  },
  {
    "city": "Tawaramoto",
    "lat": 34.5542,
    "lng": 135.7931,
    "country": "Japan",
    "iso2": "JP",
    "admin_name": "Nara",
    "capital": "",
    "population": 30950,
    "population_proper": 30950
  },
  {
    "city": "Kaminokawa",
    "lat": 36.4392,
    "lng": 139.91,
    "country": "Japan",
    "iso2": "JP",
    "admin_name": "Tochigi",
    "capital": "",
    "population": 30886,
    "population_proper": 30886
  },
  {
    "city": "Hirakawacho",
    "lat": 40.5842,
    "lng": 140.5664,
    "country": "Japan",
    "iso2": "JP",
    "admin_name": "Aomori",
    "capital": "",
    "population": 30326,
    "population_proper": 30326
  },
  {
    "city": "Motomiya",
    "lat": 37.5133,
    "lng": 140.3939,
    "country": "Japan",
    "iso2": "JP",
    "admin_name": "Fukushima",
    "capital": "",
    "population": 30253,
    "population_proper": 30253
  },
  {
    "city": "Tsuruno",
    "lat": 40.8089,
    "lng": 140.38,
    "country": "Japan",
    "iso2": "JP",
    "admin_name": "Aomori",
    "capital": "",
    "population": 30164,
    "population_proper": 30164
  },
  {
    "city": "Kaita",
    "lat": 34.3722,
    "lng": 132.5361,
    "country": "Japan",
    "iso2": "JP",
    "admin_name": "Hiroshima",
    "capital": "",
    "population": 29793,
    "population_proper": 29793
  },
  {
    "city": "Masaki",
    "lat": 33.7875,
    "lng": 132.7114,
    "country": "Japan",
    "iso2": "JP",
    "admin_name": "Ehime",
    "capital": "",
    "population": 29681,
    "population_proper": 29681
  },
  {
    "city": "Togitsu",
    "lat": 32.8333,
    "lng": 129.85,
    "country": "Japan",
    "iso2": "JP",
    "admin_name": "Nagasaki",
    "capital": "",
    "population": 29025,
    "population_proper": 29025
  },
  {
    "city": "Hanawa",
    "lat": 40.2158,
    "lng": 140.7883,
    "country": "Japan",
    "iso2": "JP",
    "admin_name": "Akita",
    "capital": "",
    "population": 28929,
    "population_proper": 28929
  },
  {
    "city": "Oyabe",
    "lat": 36.6833,
    "lng": 136.8667,
    "country": "Japan",
    "iso2": "JP",
    "admin_name": "Toyama",
    "capital": "",
    "population": 28634,
    "population_proper": 28634
  },
  {
    "city": "Matsubushi",
    "lat": 35.9258,
    "lng": 139.8153,
    "country": "Japan",
    "iso2": "JP",
    "admin_name": "Saitama",
    "capital": "",
    "population": 28494,
    "population_proper": 28494
  },
  {
    "city": "Izu",
    "lat": 34.9767,
    "lng": 138.9469,
    "country": "Japan",
    "iso2": "JP",
    "admin_name": "Shizuoka",
    "capital": "",
    "population": 28493,
    "population_proper": 28493
  },
  {
    "city": "Sue",
    "lat": 33.5872,
    "lng": 130.5072,
    "country": "Japan",
    "iso2": "JP",
    "admin_name": "Fukuoka",
    "capital": "",
    "population": 28489,
    "population_proper": 28489
  },
  {
    "city": "Ogawa",
    "lat": 36.0567,
    "lng": 139.2619,
    "country": "Japan",
    "iso2": "JP",
    "admin_name": "Saitama",
    "capital": "",
    "population": 28386,
    "population_proper": 28386
  },
  {
    "city": "Aioi",
    "lat": 34.8036,
    "lng": 134.4681,
    "country": "Japan",
    "iso2": "JP",
    "admin_name": "Hyogo",
    "capital": "",
    "population": 28350,
    "population_proper": 28350
  },
  {
    "city": "Chatan",
    "lat": 26.32,
    "lng": 127.7639,
    "country": "Japan",
    "iso2": "JP",
    "admin_name": "Okinawa",
    "capital": "",
    "population": 28167,
    "population_proper": 28167
  },
  {
    "city": "Obama",
    "lat": 35.4956,
    "lng": 135.7467,
    "country": "Japan",
    "iso2": "JP",
    "admin_name": "Fukui",
    "capital": "",
    "population": 28142,
    "population_proper": 28142
  },
  {
    "city": "Ikata-cho",
    "lat": 33.4883,
    "lng": 132.3542,
    "country": "Japan",
    "iso2": "JP",
    "admin_name": "Ehime",
    "capital": "minor",
    "population": 8253,
    "population_proper": 8253
  },
  {
    "city": "Yamaguchi",
    "lat": 34.1782,
    "lng": 131.4735,
    "country": "Japan",
    "iso2": "JP",
    "admin_name": "Yamaguchi",
    "capital": "admin",
    "population": "",
    "population_proper": ""
  },
  {
    "city": "Kozakai-cho",
    "lat": 34.8011,
    "lng": 137.3588,
    "country": "Japan",
    "iso2": "JP",
    "admin_name": "Aichi",
    "capital": "minor",
    "population": "",
    "population_proper": ""
  },
  {
    "city": "Uchimaru",
    "lat": 40.5144,
    "lng": 141.4927,
    "country": "Japan",
    "iso2": "JP",
    "admin_name": "Aomori",
    "capital": "minor",
    "population": "",
    "population_proper": ""
  },
  {
    "city": "Onagawa Cho",
    "lat": 38.4449,
    "lng": 141.4327,
    "country": "Japan",
    "iso2": "JP",
    "admin_name": "Miyagi",
    "capital": "minor",
    "population": "",
    "population_proper": ""
  },
  {
    "city": "Hirado",
    "lat": 33.3681,
    "lng": 129.5537,
    "country": "Japan",
    "iso2": "JP",
    "admin_name": "Nagasaki",
    "capital": "minor",
    "population": "",
    "population_proper": ""
  },
  {
    "city": "Furudate",
    "lat": 40.5293,
    "lng": 141.3055,
    "country": "Japan",
    "iso2": "JP",
    "admin_name": "Aomori",
    "capital": "minor",
    "population": "",
    "population_proper": ""
  }
]
